-- phpMyAdmin SQL Dump
-- version 5.0.2
-- https://www.phpmyadmin.net/
--
-- Host: 127.0.0.1:3306
-- Generation Time: Jul 06, 2021 at 08:50 PM
-- Server version: 5.7.31
-- PHP Version: 7.3.21

SET SQL_MODE = "NO_AUTO_VALUE_ON_ZERO";
START TRANSACTION;
SET time_zone = "+00:00";


/*!40101 SET @OLD_CHARACTER_SET_CLIENT=@@CHARACTER_SET_CLIENT */;
/*!40101 SET @OLD_CHARACTER_SET_RESULTS=@@CHARACTER_SET_RESULTS */;
/*!40101 SET @OLD_COLLATION_CONNECTION=@@COLLATION_CONNECTION */;
/*!40101 SET NAMES utf8mb4 */;

--
-- Database: `api_angnews_laravel`
--
CREATE DATABASE IF NOT EXISTS `api_angnews_laravel` DEFAULT CHARACTER SET latin1 COLLATE latin1_swedish_ci;
USE `api_angnews_laravel`;

-- --------------------------------------------------------

--
-- Table structure for table `news`
--

DROP TABLE IF EXISTS `news`;
CREATE TABLE IF NOT EXISTS `news` (
  `id` int(100) NOT NULL AUTO_INCREMENT,
  `title` varchar(1000) NOT NULL,
  `des` varchar(1000) NOT NULL,
  `thumbUrl` varchar(1000) NOT NULL,
  `author` varchar(1000) NOT NULL,
  `comment` varchar(1000) NOT NULL,
  `share` varchar(1000) NOT NULL,
  `date` varchar(1000) NOT NULL,
  `source` varchar(1000) NOT NULL,
  `contact_author` varchar(1000) NOT NULL,
  `about_author` varchar(1000) NOT NULL,
  PRIMARY KEY (`id`)
) ENGINE=MyISAM AUTO_INCREMENT=75 DEFAULT CHARSET=latin1;

--
-- Dumping data for table `news`
--

INSERT INTO `news` (`id`, `title`, `des`, `thumbUrl`, `author`, `comment`, `share`, `date`, `source`, `contact_author`, `about_author`) VALUES
(74, 'hacker ABC', 'hacker', 'https://encrypted-tbn0.gstatic.com/images?q=tbn:ANd9GcRxLcfe52ScRdsQzYkKp-jox_cg73GZZRQHNg&usqp=CAU', 'hacker', 'hacker', 'hacker', 'hacker', 'hacker', 'hacker', 'hacker'),
(73, 'hacker', 'hacker', 'https://static1.makeuseofimages.com/wordpress/wp-content/uploads/2020/10/Pharming-Attack-Hacker-1.jpg', 'hacker', 'hacker', 'hacker', 'hacker', 'hacker', 'hacker', 'hacker');
--
-- Database: `crud8`
--
CREATE DATABASE IF NOT EXISTS `crud8` DEFAULT CHARACTER SET latin1 COLLATE latin1_swedish_ci;
USE `crud8`;

-- --------------------------------------------------------

--
-- Table structure for table `member`
--

DROP TABLE IF EXISTS `member`;
CREATE TABLE IF NOT EXISTS `member` (
  `id` int(3) NOT NULL AUTO_INCREMENT,
  `name` varchar(50) NOT NULL,
  `email` varchar(50) NOT NULL,
  `address` varchar(50) NOT NULL,
  PRIMARY KEY (`id`)
) ENGINE=MyISAM AUTO_INCREMENT=79 DEFAULT CHARSET=latin1;

--
-- Dumping data for table `member`
--

INSERT INTO `member` (`id`, `name`, `email`, `address`) VALUES
(78, 'cute boy', 'kaka', 'kaka');
--
-- Database: `cruuser`
--
CREATE DATABASE IF NOT EXISTS `cruuser` DEFAULT CHARACTER SET latin1 COLLATE latin1_swedish_ci;
USE `cruuser`;

-- --------------------------------------------------------

--
-- Table structure for table `members`
--

DROP TABLE IF EXISTS `members`;
CREATE TABLE IF NOT EXISTS `members` (
  `id` int(3) NOT NULL AUTO_INCREMENT,
  `name` varchar(50) NOT NULL,
  `email` varchar(50) NOT NULL,
  `address` varchar(50) NOT NULL,
  PRIMARY KEY (`id`)
) ENGINE=MyISAM AUTO_INCREMENT=17 DEFAULT CHARSET=latin1;
--
-- Database: `livewire_examples`
--
CREATE DATABASE IF NOT EXISTS `livewire_examples` DEFAULT CHARACTER SET latin1 COLLATE latin1_swedish_ci;
USE `livewire_examples`;

-- --------------------------------------------------------

--
-- Table structure for table `continents`
--

DROP TABLE IF EXISTS `continents`;
CREATE TABLE IF NOT EXISTS `continents` (
  `id` bigint(20) UNSIGNED NOT NULL AUTO_INCREMENT,
  `continent_name` varchar(255) COLLATE utf8mb4_unicode_ci NOT NULL,
  `created_at` timestamp NULL DEFAULT NULL,
  `updated_at` timestamp NULL DEFAULT NULL,
  PRIMARY KEY (`id`)
) ENGINE=InnoDB AUTO_INCREMENT=8 DEFAULT CHARSET=utf8mb4 COLLATE=utf8mb4_unicode_ci;

--
-- Dumping data for table `continents`
--

INSERT INTO `continents` (`id`, `continent_name`, `created_at`, `updated_at`) VALUES
(1, 'North America', NULL, NULL),
(2, 'South America', NULL, NULL),
(3, 'Asia', NULL, NULL),
(4, 'Africa', NULL, NULL),
(5, 'Europe', NULL, NULL),
(6, 'Antarctica', NULL, NULL),
(7, 'Australia/Oceania', NULL, NULL);

-- --------------------------------------------------------

--
-- Table structure for table `countries`
--

DROP TABLE IF EXISTS `countries`;
CREATE TABLE IF NOT EXISTS `countries` (
  `id` bigint(20) UNSIGNED NOT NULL AUTO_INCREMENT,
  `continent_id` int(11) DEFAULT NULL,
  `country_name` varchar(255) COLLATE utf8mb4_unicode_ci NOT NULL,
  `capital_city` varchar(255) COLLATE utf8mb4_unicode_ci NOT NULL,
  `created_at` timestamp NULL DEFAULT NULL,
  `updated_at` timestamp NULL DEFAULT NULL,
  PRIMARY KEY (`id`)
) ENGINE=InnoDB AUTO_INCREMENT=240 DEFAULT CHARSET=utf8mb4 COLLATE=utf8mb4_unicode_ci;

--
-- Dumping data for table `countries`
--

INSERT INTO `countries` (`id`, `continent_id`, `country_name`, `capital_city`, `created_at`, `updated_at`) VALUES
(1, 5, 'Aland Islands', 'Mariehamn', NULL, NULL),
(2, 5, 'Albania', 'Tirana', NULL, NULL),
(3, 5, 'Andorra', 'Andorra la Vella', NULL, NULL),
(4, 5, 'Austria', 'Vienna', NULL, NULL),
(5, 5, 'Belarus', 'Minsk', NULL, NULL),
(6, 5, 'Belgium', 'Brussels', NULL, NULL),
(7, 5, 'Bosnia and Herzegovina', 'Sarajevo', NULL, NULL),
(8, 5, 'Bulgaria', 'Sofia', NULL, NULL),
(9, 5, 'Croatia', 'Zagreb', NULL, NULL),
(10, 5, 'Czechia', 'Prague', NULL, NULL),
(11, 5, 'Denmark', 'Copenhagen', NULL, NULL),
(12, 5, 'Estonia', 'Tallinn', NULL, NULL),
(13, 5, 'Faroe Islands', 'Tórshavn', NULL, NULL),
(14, 5, 'Finland', 'Helsinki', NULL, NULL),
(15, 5, 'France', 'Paris', NULL, NULL),
(16, 5, 'Germany', 'Berlin', NULL, NULL),
(17, 5, 'Gibraltar', 'Gibraltar', NULL, NULL),
(18, 5, 'Greece', 'Athens', NULL, NULL),
(19, 5, 'Guernsey', 'Saint Peter Port', NULL, NULL),
(20, 5, 'Hungary', 'Budapest', NULL, NULL),
(21, 5, 'Iceland', 'Reykjavík', NULL, NULL),
(22, 5, 'Ireland', 'Dublin', NULL, NULL),
(23, 5, 'Isle of Man', 'Douglas', NULL, NULL),
(24, 5, 'Italy', 'Rome', NULL, NULL),
(25, 5, 'Jersey', 'Saint Helier', NULL, NULL),
(26, 5, 'Kosovo', 'Pristina', NULL, NULL),
(27, 5, 'Latvia', 'Riga', NULL, NULL),
(28, 5, 'Liechtenstein', 'Vaduz', NULL, NULL),
(29, 5, 'Lithuania', 'Vilnius', NULL, NULL),
(30, 5, 'Luxembourg', 'Luxembourg', NULL, NULL),
(31, 5, 'Malta', 'Valletta', NULL, NULL),
(32, 5, 'Moldova', 'Chisinau', NULL, NULL),
(33, 5, 'Monaco', 'Monaco', NULL, NULL),
(34, 5, 'Montenegro', 'Podgorica', NULL, NULL),
(35, 5, 'Netherlands', 'Amsterdam', NULL, NULL),
(36, 5, 'North Macedonia', 'Skopje', NULL, NULL),
(37, 5, 'Norway', 'Oslo', NULL, NULL),
(38, 5, 'Poland', 'Warsaw', NULL, NULL),
(39, 5, 'Portugal', 'Lisbon', NULL, NULL),
(40, 5, 'Romania', 'Bucharest', NULL, NULL),
(41, 5, 'Russia', 'Moscow', NULL, NULL),
(42, 5, 'San Marino', 'San Marino', NULL, NULL),
(43, 5, 'Serbia', 'Belgrade', NULL, NULL),
(44, 5, 'Slovakia', 'Bratislava', NULL, NULL),
(45, 5, 'Slovenia', 'Ljubljana', NULL, NULL),
(46, 5, 'Spain', 'Madrid', NULL, NULL),
(47, 5, 'Svalbard', 'Longyearbyen', NULL, NULL),
(48, 5, 'Sweden', 'Stockholm', NULL, NULL),
(49, 5, 'Switzerland', 'Bern', NULL, NULL),
(50, 5, 'Ukraine', 'Kiev', NULL, NULL),
(51, 5, 'United Kingdom', 'London', NULL, NULL),
(52, 3, 'Afghanistan', 'Kabul', NULL, NULL),
(53, 3, 'Armenia', 'Yerevan', NULL, NULL),
(54, 3, 'Azerbaijan', 'Baku', NULL, NULL),
(55, 3, 'Bahrain', 'Manama', NULL, NULL),
(56, 3, 'Bangladesh', 'Dhaka', NULL, NULL),
(57, 3, 'Bhutan', 'Thimphu', NULL, NULL),
(58, 3, 'Brunei', 'Bandar Seri Begawan', NULL, NULL),
(59, 3, 'Burma', 'Nay Pyi Taw', NULL, NULL),
(60, 3, 'Cambodia', 'Phnom Penh', NULL, NULL),
(61, 3, 'China', 'Beijing', NULL, NULL),
(62, 3, 'Cyprus', 'Nicosia', NULL, NULL),
(63, 3, 'East Timor', 'Dili', NULL, NULL),
(64, 3, 'Georgia', 'Tbilisi', NULL, NULL),
(65, 3, 'Hong Kong', 'Hong Kong', NULL, NULL),
(66, 3, 'India', 'New Delhi', NULL, NULL),
(67, 3, 'Indonesia', 'Jakarta', NULL, NULL),
(68, 3, 'Iran', 'Tehran', NULL, NULL),
(69, 3, 'Iraq', 'Baghdad', NULL, NULL),
(70, 3, 'Israel', 'Jerusalem', NULL, NULL),
(71, 3, 'Japan', 'Tokyo', NULL, NULL),
(72, 3, 'Jordan', 'Amman', NULL, NULL),
(73, 3, 'Kazakhstan', 'Nursultan', NULL, NULL),
(74, 3, 'Kuwait', 'Kuwait City', NULL, NULL),
(75, 3, 'Kyrgyzstan', 'Bishkek', NULL, NULL),
(76, 3, 'Laos', 'Vientiane', NULL, NULL),
(77, 3, 'Lebanon', 'Beirut', NULL, NULL),
(78, 3, 'Macao', 'Concelho de Macau', NULL, NULL),
(79, 3, 'Malaysia', 'Kuala Lumpur', NULL, NULL),
(80, 3, 'Maldives', 'Malé', NULL, NULL),
(81, 3, 'Mongolia', 'Ulaanbaatar', NULL, NULL),
(82, 3, 'Nepal', 'Kathmandu', NULL, NULL),
(83, 3, 'North Korea', 'Pyongyang', NULL, NULL),
(84, 3, 'Oman', 'Muscat', NULL, NULL),
(85, 3, 'Pakistan', 'Islamabad', NULL, NULL),
(86, 3, 'Palestine', 'Ramallah', NULL, NULL),
(87, 3, 'Philippines', 'Manila', NULL, NULL),
(88, 3, 'Qatar', 'Doha', NULL, NULL),
(89, 3, 'Saudi Arabia', 'Riyadh', NULL, NULL),
(90, 3, 'Singapore', 'Singapore', NULL, NULL),
(91, 3, 'South Korea', 'Seoul', NULL, NULL),
(92, 3, 'Sri Lanka', 'Colombo', NULL, NULL),
(93, 3, 'Syria', 'Damascus', NULL, NULL),
(94, 3, 'Taiwan', 'Taipei', NULL, NULL),
(95, 3, 'Tajikistan', 'Dushanbe', NULL, NULL),
(96, 3, 'Thailand', 'Bangkok', NULL, NULL),
(97, 3, 'Turkey', 'Ankara', NULL, NULL),
(98, 3, 'Turkmenistan', 'Ashgabat', NULL, NULL),
(99, 3, 'United Arab Emirates', 'Abu Dhabi', NULL, NULL),
(100, 3, 'Uzbekistan', 'Tashkent', NULL, NULL),
(101, 3, 'Vietnam', 'Hanoi', NULL, NULL),
(102, 3, 'Yemen', 'Sanaa', NULL, NULL),
(103, 7, 'Australia', 'Canberra', NULL, NULL),
(104, 7, 'Christmas Island', 'Flying Fish Cove', NULL, NULL),
(105, 7, 'Cocos (Keeling) Islands', 'West Island', NULL, NULL),
(106, 7, 'New Zealand', 'Wellington', NULL, NULL),
(107, 7, 'Norfolk Island', 'Kingston', NULL, NULL),
(108, 4, 'Algeria', 'Algiers', NULL, NULL),
(109, 4, 'Angola', 'Luanda', NULL, NULL),
(110, 4, 'Benin', 'Porto-Novo', NULL, NULL),
(111, 4, 'Botswana', 'Gaborone', NULL, NULL),
(112, 4, 'Burkina Faso', 'Ouagadougou', NULL, NULL),
(113, 4, 'Burundi', 'Bujumbura', NULL, NULL),
(114, 4, 'Cameroon', 'Yaoundé', NULL, NULL),
(115, 4, 'Cape Verde', 'Praia', NULL, NULL),
(116, 4, 'Central African Republic', 'Bangui', NULL, NULL),
(117, 4, 'Chad', 'N\'Djamena', NULL, NULL),
(118, 4, 'Comoros', 'Moroni', NULL, NULL),
(119, 4, 'Democratic Republic of the Congo', 'Kinshasa', NULL, NULL),
(120, 4, 'Djibouti', 'Djibouti', NULL, NULL),
(121, 4, 'Egypt', 'Cairo', NULL, NULL),
(122, 4, 'Equatorial Guinea', 'Malabo', NULL, NULL),
(123, 4, 'Eritrea', 'Asmara', NULL, NULL),
(124, 4, 'Eswatini', 'Mbabane', NULL, NULL),
(125, 4, 'Ethiopia', 'Addis Ababa', NULL, NULL),
(126, 4, 'Gabon', 'Libreville', NULL, NULL),
(127, 4, 'Gambia', 'Banjul', NULL, NULL),
(128, 4, 'Ghana', 'Accra', NULL, NULL),
(129, 4, 'Guinea', 'Conakry', NULL, NULL),
(130, 4, 'Guinea-Bissau', 'Bissau', NULL, NULL),
(131, 4, 'Ivory Coast', 'Yamoussoukro', NULL, NULL),
(132, 4, 'Kenya', 'Nairobi', NULL, NULL),
(133, 4, 'Lesotho', 'Maseru', NULL, NULL),
(134, 4, 'Liberia', 'Monrovia', NULL, NULL),
(135, 4, 'Libya', 'Tripoli', NULL, NULL),
(136, 4, 'Madagascar', 'Antananarivo', NULL, NULL),
(137, 4, 'Malawi', 'Lilongwe', NULL, NULL),
(138, 4, 'Mali', 'Bamako', NULL, NULL),
(139, 4, 'Mauritania', 'Nouakchott', NULL, NULL),
(140, 4, 'Mauritius', 'Port Louis', NULL, NULL),
(141, 4, 'Mayotte', 'Mamoudzou', NULL, NULL),
(142, 4, 'Morocco', 'Rabat', NULL, NULL),
(143, 4, 'Mozambique', 'Maputo', NULL, NULL),
(144, 4, 'Namibia', 'Windhoek', NULL, NULL),
(145, 4, 'Niger', 'Niamey', NULL, NULL),
(146, 4, 'Nigeria', 'Abuja', NULL, NULL),
(147, 4, 'Republic of the Congo', 'Brazzaville', NULL, NULL),
(148, 4, 'Reunion', 'Saint-Denis', NULL, NULL),
(149, 4, 'Rwanda', 'Kigali', NULL, NULL),
(150, 4, 'Saint Helena, Ascension and Tristan da Cunha', 'Jamestown', NULL, NULL),
(151, 4, 'Sao Tome and Principe', 'São Tomé', NULL, NULL),
(152, 4, 'Senegal', 'Dakar', NULL, NULL),
(153, 4, 'Seychelles', 'Victoria', NULL, NULL),
(154, 4, 'Sierra Leone', 'Freetown', NULL, NULL),
(155, 4, 'Somalia', 'Mogadishu', NULL, NULL),
(156, 4, 'South Africa', 'Pretoria', NULL, NULL),
(157, 4, 'South Sudan', 'Juba', NULL, NULL),
(158, 4, 'Sudan', 'Khartoum', NULL, NULL),
(159, 4, 'Tanzania', 'Dodoma', NULL, NULL),
(160, 4, 'Togo', 'Lomé', NULL, NULL),
(161, 4, 'Tunisia', 'Tunis', NULL, NULL),
(162, 4, 'Uganda', 'Kampala', NULL, NULL),
(163, 4, 'Western Sahara', 'El Aaiún', NULL, NULL),
(164, 4, 'Zambia', 'Lusaka', NULL, NULL),
(165, 4, 'Zimbabwe', 'Harare', NULL, NULL),
(166, 7, 'American Samoa', 'Pago Pago', NULL, NULL),
(167, 7, 'Cook Islands', 'Avarua', NULL, NULL),
(168, 7, 'Fiji', 'Suva', NULL, NULL),
(169, 7, 'French Polynesia', 'Papeete', NULL, NULL),
(170, 7, 'Guam', 'Hagåtña', NULL, NULL),
(171, 7, 'Kiribati', 'Tarawa', NULL, NULL),
(172, 7, 'Marshall Islands', 'Majuro', NULL, NULL),
(173, 7, 'Nauru', 'Yaren', NULL, NULL),
(174, 7, 'New Caledonia', 'Nouméa', NULL, NULL),
(175, 7, 'Niue', 'Alofi', NULL, NULL),
(176, 7, 'Northern Mariana Islands', 'Saipan', NULL, NULL),
(177, 7, 'Papua New Guinea', 'Port Moresby', NULL, NULL),
(178, 7, 'Pitcairn Islands', 'Adamstown', NULL, NULL),
(179, 7, 'Samoa', 'Apia', NULL, NULL),
(180, 7, 'Solomon Islands', 'Honiara', NULL, NULL),
(181, 7, 'Tonga', 'Nuku‘alofa', NULL, NULL),
(182, 7, 'Tuvalu', 'Funafuti', NULL, NULL),
(183, 7, 'Vanuatu', 'Port-Vila', NULL, NULL),
(184, 7, 'Wallis and Futuna', 'Mata-Utu', NULL, NULL),
(185, 2, 'Brazil', 'Brasília', NULL, NULL),
(186, 2, 'Argentina', 'Buenos Aires', NULL, NULL),
(187, 2, 'Bolivia', 'Sucré', NULL, NULL),
(188, 2, 'Chile', 'Santiago', NULL, NULL),
(189, 2, 'Colombia', 'Bogotá', NULL, NULL),
(190, 2, 'Ecuador', 'Quito', NULL, NULL),
(191, 2, 'Falkland Islands', 'Stanley', NULL, NULL),
(192, 2, 'French Guiana', 'Cayenne', NULL, NULL),
(193, 2, 'Guyana', 'Georgetown', NULL, NULL),
(194, 2, 'Paraguay', 'Asunción', NULL, NULL),
(195, 2, 'Peru', 'Lima', NULL, NULL),
(196, 2, 'South Georgia and South Sandwich Islands', 'King Edward Point', NULL, NULL),
(197, 2, 'Suriname', 'Paramaribo', NULL, NULL),
(198, 2, 'Uruguay', 'Montevideo', NULL, NULL),
(199, 2, 'Venezuela', 'Caracas', NULL, NULL),
(200, 1, 'Canada', 'Ottawa', NULL, NULL),
(201, 1, 'United States of America ', 'Washington, District of Columbia', NULL, NULL),
(202, 1, 'Mexico', 'Mexico City', NULL, NULL),
(203, 1, 'Belize', 'Belmopan', NULL, NULL),
(204, 1, 'Antigua and Barbuda', 'St. John\'s', NULL, NULL),
(205, 1, 'Anguilla', 'The Valley', NULL, NULL),
(206, 1, 'Aruba', 'Oranjestad', NULL, '2021-06-08 06:02:53'),
(207, 1, 'The Bahamas', 'Nassau', NULL, NULL),
(208, 1, 'Barbados', 'Bridgetown', NULL, NULL),
(209, 1, 'Bermuda', 'Hamilton', NULL, NULL),
(210, 1, 'British Virgin Islands', 'Road Town', NULL, NULL),
(211, 1, 'Cayman Islands', 'George Town', NULL, NULL),
(212, 1, 'Costa Rica', 'San José', NULL, NULL),
(213, 1, 'Cuba', 'Havana', NULL, NULL),
(214, 1, 'Curacao', 'Willemstad', NULL, NULL),
(215, 1, 'Dominica', 'Roseau', NULL, NULL),
(216, 1, 'Dominican Republic', 'Santo Domingo', NULL, NULL),
(217, 1, 'El Salvador', 'San Salvador', NULL, NULL),
(218, 1, 'Greenland', 'Nuuk', NULL, NULL),
(219, 1, 'Grenada', 'Saint George\'s', NULL, NULL),
(220, 1, 'Guadeloupe', 'Basse-Terre', NULL, NULL),
(221, 1, 'Guatemala', 'Guatemala City', NULL, NULL),
(222, 1, 'Haiti', 'Port-au-Prince', NULL, NULL),
(223, 1, 'Honduras', 'Tegucigalpa', NULL, NULL),
(224, 1, 'Jamaica', 'Kingston', NULL, NULL),
(225, 1, 'Martinique', 'Fort-de-France', NULL, NULL),
(226, 1, 'Montserrat', 'Brades', NULL, NULL),
(227, 1, 'Nicaragua', 'Managua', NULL, NULL),
(228, 1, 'Panama', 'Panama City', NULL, NULL),
(229, 1, 'Puerto Rico', 'San Juan', NULL, NULL),
(230, 1, 'Saint Barthelemy', 'Gustavia', NULL, NULL),
(231, 1, 'Saint Kitts and Nevis', 'Basseterre', NULL, NULL),
(232, 1, 'Saint Lucia', 'Castries', NULL, NULL),
(233, 1, 'Saint Martin', 'Marigot', NULL, NULL),
(234, 1, 'Saint Pierre and Miquelon', 'Saint-Pierre', NULL, NULL),
(235, 1, 'Saint Vincent and the Grenadines', 'Kingstown', NULL, NULL),
(236, 1, 'Sint Maarten', 'Philipsburg', NULL, NULL),
(237, 1, 'Trinidad and Tobago', 'Port-of-Spain', NULL, NULL),
(238, 1, 'Turks and Caicos Islands', 'Cockburn Town', NULL, NULL),
(239, 1, 'Virgin Islands', 'Charlotte Amalie', NULL, NULL);

-- --------------------------------------------------------

--
-- Table structure for table `failed_jobs`
--

DROP TABLE IF EXISTS `failed_jobs`;
CREATE TABLE IF NOT EXISTS `failed_jobs` (
  `id` bigint(20) UNSIGNED NOT NULL AUTO_INCREMENT,
  `uuid` varchar(255) COLLATE utf8mb4_unicode_ci NOT NULL,
  `connection` text COLLATE utf8mb4_unicode_ci NOT NULL,
  `queue` text COLLATE utf8mb4_unicode_ci NOT NULL,
  `payload` longtext COLLATE utf8mb4_unicode_ci NOT NULL,
  `exception` longtext COLLATE utf8mb4_unicode_ci NOT NULL,
  `failed_at` timestamp NOT NULL DEFAULT CURRENT_TIMESTAMP,
  PRIMARY KEY (`id`),
  UNIQUE KEY `failed_jobs_uuid_unique` (`uuid`)
) ENGINE=InnoDB DEFAULT CHARSET=utf8mb4 COLLATE=utf8mb4_unicode_ci;

-- --------------------------------------------------------

--
-- Table structure for table `migrations`
--

DROP TABLE IF EXISTS `migrations`;
CREATE TABLE IF NOT EXISTS `migrations` (
  `id` int(10) UNSIGNED NOT NULL AUTO_INCREMENT,
  `migration` varchar(255) COLLATE utf8mb4_unicode_ci NOT NULL,
  `batch` int(11) NOT NULL,
  PRIMARY KEY (`id`)
) ENGINE=InnoDB AUTO_INCREMENT=6 DEFAULT CHARSET=utf8mb4 COLLATE=utf8mb4_unicode_ci;

--
-- Dumping data for table `migrations`
--

INSERT INTO `migrations` (`id`, `migration`, `batch`) VALUES
(1, '2014_10_12_000000_create_users_table', 1),
(2, '2014_10_12_100000_create_password_resets_table', 1),
(3, '2019_08_19_000000_create_failed_jobs_table', 1),
(4, '2021_05_30_155353_create_countries_table', 1),
(5, '2021_05_30_155445_create_continents_table', 1);

-- --------------------------------------------------------

--
-- Table structure for table `password_resets`
--

DROP TABLE IF EXISTS `password_resets`;
CREATE TABLE IF NOT EXISTS `password_resets` (
  `email` varchar(255) COLLATE utf8mb4_unicode_ci NOT NULL,
  `token` varchar(255) COLLATE utf8mb4_unicode_ci NOT NULL,
  `created_at` timestamp NULL DEFAULT NULL,
  KEY `password_resets_email_index` (`email`)
) ENGINE=InnoDB DEFAULT CHARSET=utf8mb4 COLLATE=utf8mb4_unicode_ci;

-- --------------------------------------------------------

--
-- Table structure for table `users`
--

DROP TABLE IF EXISTS `users`;
CREATE TABLE IF NOT EXISTS `users` (
  `id` bigint(20) UNSIGNED NOT NULL AUTO_INCREMENT,
  `name` varchar(255) COLLATE utf8mb4_unicode_ci NOT NULL,
  `email` varchar(255) COLLATE utf8mb4_unicode_ci NOT NULL,
  `email_verified_at` timestamp NULL DEFAULT NULL,
  `password` varchar(255) COLLATE utf8mb4_unicode_ci NOT NULL,
  `remember_token` varchar(100) COLLATE utf8mb4_unicode_ci DEFAULT NULL,
  `created_at` timestamp NULL DEFAULT NULL,
  `updated_at` timestamp NULL DEFAULT NULL,
  PRIMARY KEY (`id`),
  UNIQUE KEY `users_email_unique` (`email`)
) ENGINE=InnoDB DEFAULT CHARSET=utf8mb4 COLLATE=utf8mb4_unicode_ci;
--
-- Database: `migrate`
--
CREATE DATABASE IF NOT EXISTS `migrate` DEFAULT CHARACTER SET latin1 COLLATE latin1_swedish_ci;
USE `migrate`;

-- --------------------------------------------------------

--
-- Table structure for table `migrations`
--

DROP TABLE IF EXISTS `migrations`;
CREATE TABLE IF NOT EXISTS `migrations` (
  `id` int(10) UNSIGNED NOT NULL AUTO_INCREMENT,
  `migration` varchar(255) COLLATE utf8mb4_unicode_ci NOT NULL,
  `batch` int(11) NOT NULL,
  PRIMARY KEY (`id`)
) ENGINE=MyISAM AUTO_INCREMENT=3 DEFAULT CHARSET=utf8mb4 COLLATE=utf8mb4_unicode_ci;

--
-- Dumping data for table `migrations`
--

INSERT INTO `migrations` (`id`, `migration`, `batch`) VALUES
(2, '2021_06_21_211028_create_posts_table', 1);

-- --------------------------------------------------------

--
-- Table structure for table `posts`
--

DROP TABLE IF EXISTS `posts`;
CREATE TABLE IF NOT EXISTS `posts` (
  `id` bigint(20) UNSIGNED NOT NULL AUTO_INCREMENT,
  `title` varchar(255) COLLATE utf8mb4_unicode_ci NOT NULL,
  `body` varchar(255) COLLATE utf8mb4_unicode_ci NOT NULL,
  `email` varchar(255) COLLATE utf8mb4_unicode_ci NOT NULL,
  `created_at` timestamp NULL DEFAULT NULL,
  `updated_at` timestamp NULL DEFAULT NULL,
  PRIMARY KEY (`id`)
) ENGINE=MyISAM AUTO_INCREMENT=1201 DEFAULT CHARSET=utf8mb4 COLLATE=utf8mb4_unicode_ci;

--
-- Dumping data for table `posts`
--

INSERT INTO `posts` (`id`, `title`, `body`, `email`, `created_at`, `updated_at`) VALUES
(1, 'Dakota Boehm I', 'Drew Kuhlman', 'Haven Steuber', '2021-06-22 11:25:17', '2021-06-22 11:25:17'),
(2, 'Kamren Kassulke', 'Prof. Bud Cronin I', 'Neal Frami', '2021-06-22 11:25:17', '2021-06-22 11:25:17'),
(3, 'Rosella Nitzsche', 'Darryl Kemmer', 'Missouri Rodriguez', '2021-06-22 11:25:17', '2021-06-22 11:25:17'),
(4, 'Jaron Conn Sr.', 'Osbaldo Konopelski', 'Arvilla Kohler', '2021-06-22 11:25:17', '2021-06-22 11:25:17'),
(5, 'Taya O\'Conner', 'Dr. Orlo Schaden V', 'Prof. Cory Cruickshank', '2021-06-22 11:25:17', '2021-06-22 11:25:17'),
(6, 'Sallie Corwin', 'Mr. Noah Wiza', 'Lempi Schumm', '2021-06-22 11:25:17', '2021-06-22 11:25:17'),
(7, 'Emile Tillman', 'Dr. Reed Sipes', 'Marguerite Kuhic', '2021-06-22 11:25:17', '2021-06-22 11:25:17'),
(8, 'Destiny Marvin', 'Penelope Shields', 'Johanna Pagac', '2021-06-22 11:25:17', '2021-06-22 11:25:17'),
(9, 'Jayme Jakubowski', 'Isaias Mayert DVM', 'Ottis Hegmann DDS', '2021-06-22 11:25:17', '2021-06-22 11:25:17'),
(10, 'Gabriel Gorczany', 'Demarco Donnelly', 'Otilia Moore', '2021-06-22 11:25:17', '2021-06-22 11:25:17'),
(11, 'Prof. Ari Jaskolski', 'Dr. Amanda Kassulke', 'Prof. Evalyn Sipes', '2021-06-22 11:25:17', '2021-06-22 11:25:17'),
(12, 'Izaiah Schmeler', 'Curt Adams', 'Kenton Zemlak III', '2021-06-22 11:25:17', '2021-06-22 11:25:17'),
(13, 'Miss Alfreda Towne', 'Kayley Goodwin', 'Eusebio Lockman', '2021-06-22 11:25:17', '2021-06-22 11:25:17'),
(14, 'Alene O\'Kon', 'Saige Morar', 'Leora Heidenreich', '2021-06-22 11:25:17', '2021-06-22 11:25:17'),
(15, 'Jerry Grady DDS', 'Jessie Schowalter', 'Brittany Rau I', '2021-06-22 11:25:17', '2021-06-22 11:25:17'),
(16, 'Adaline Doyle', 'Maeve Konopelski', 'Delpha Schinner', '2021-06-22 11:25:17', '2021-06-22 11:25:17'),
(17, 'Dylan Daniel', 'Destini Gutkowski', 'Ms. Myrna Hodkiewicz III', '2021-06-22 11:25:17', '2021-06-22 11:25:17'),
(18, 'Bulah Ratke', 'Prof. Mercedes Hill PhD', 'Preston Bednar', '2021-06-22 11:25:17', '2021-06-22 11:25:17'),
(19, 'Tyree Zboncak', 'Miss Rosie Metz I', 'Mr. Oliver O\'Conner', '2021-06-22 11:25:17', '2021-06-22 11:25:17'),
(20, 'Perry West', 'Zora Rohan', 'Dr. Marjory Romaguera DVM', '2021-06-22 11:25:17', '2021-06-22 11:25:17'),
(21, 'Vito Christiansen', 'Miss Shirley Gibson MD', 'Walter Bernier', '2021-06-22 11:25:17', '2021-06-22 11:25:17'),
(22, 'Leone Swift', 'Marcella Bernhard', 'Ava Dicki V', '2021-06-22 11:25:17', '2021-06-22 11:25:17'),
(23, 'Prof. Franco Howell', 'Kasey Little I', 'Miss Holly Cummerata IV', '2021-06-22 11:25:17', '2021-06-22 11:25:17'),
(24, 'Miss Kathryne Wiegand', 'Brant Will PhD', 'Ms. Kellie Towne DDS', '2021-06-22 11:25:17', '2021-06-22 11:25:17'),
(25, 'Trudie Deckow', 'Prof. Ben Rempel', 'Prof. Janis D\'Amore', '2021-06-22 11:25:17', '2021-06-22 11:25:17'),
(26, 'Jayne Langworth', 'Leanne Terry', 'Kaelyn Cassin', '2021-06-22 11:25:17', '2021-06-22 11:25:17'),
(27, 'Miss Abagail Gutmann MD', 'Aaron Roberts', 'Adrien Bartoletti', '2021-06-22 11:25:17', '2021-06-22 11:25:17'),
(28, 'Sonya Zboncak Jr.', 'Miss Annabel Ankunding DDS', 'Quinton Dietrich', '2021-06-22 11:25:17', '2021-06-22 11:25:17'),
(29, 'Joesph Dooley', 'Prof. Sigurd Fritsch', 'Hank Kozey', '2021-06-22 11:25:17', '2021-06-22 11:25:17'),
(30, 'Okey Simonis', 'Miss Kaci Lindgren DDS', 'Micheal Block', '2021-06-22 11:25:17', '2021-06-22 11:25:17'),
(31, 'Dr. Zane Treutel', 'Camryn Wintheiser', 'Tressie Gibson', '2021-06-22 11:25:17', '2021-06-22 11:25:17'),
(32, 'Joana Considine', 'Freida Kunze', 'Shaylee Douglas Sr.', '2021-06-22 11:25:17', '2021-06-22 11:25:17'),
(33, 'Marcelle Deckow', 'Shawna Predovic DVM', 'Daniella Zboncak', '2021-06-22 11:25:17', '2021-06-22 11:25:17'),
(34, 'Eduardo Harber', 'Mrs. Beaulah Dibbert DDS', 'Mrs. Ana Mraz Jr.', '2021-06-22 11:25:17', '2021-06-22 11:25:17'),
(35, 'Junius Hansen', 'Jovanny Prohaska', 'Ms. Jeanne Stoltenberg', '2021-06-22 11:25:17', '2021-06-22 11:25:17'),
(36, 'Lincoln Nikolaus', 'Carley Senger', 'Cornell Pfannerstill', '2021-06-22 11:25:17', '2021-06-22 11:25:17'),
(37, 'Earlene McDermott', 'Cameron Conn', 'Sister Legros', '2021-06-22 11:25:17', '2021-06-22 11:25:17'),
(38, 'Mr. Jaime Lind I', 'Flossie Veum', 'Dr. Jeromy Muller', '2021-06-22 11:25:17', '2021-06-22 11:25:17'),
(39, 'Brandy Renner', 'Isabella Sipes', 'Talon Bernhard', '2021-06-22 11:25:17', '2021-06-22 11:25:17'),
(40, 'Eliezer VonRueden', 'Vita Koss III', 'Mr. Elijah Jacobs III', '2021-06-22 11:25:17', '2021-06-22 11:25:17'),
(41, 'Ardith Yundt I', 'Ilene Macejkovic III', 'Maybelle Hayes', '2021-06-22 11:25:17', '2021-06-22 11:25:17'),
(42, 'Meghan Nolan', 'Taylor Boehm', 'Mr. Gerson Reynolds', '2021-06-22 11:25:17', '2021-06-22 11:25:17'),
(43, 'Dr. Elmira Walker DDS', 'Dr. Camren Heller', 'Malvina Doyle', '2021-06-22 11:25:17', '2021-06-22 11:25:17'),
(44, 'Alberta Smith', 'Miss Ivah Crona I', 'Raul Quigley', '2021-06-22 11:25:17', '2021-06-22 11:25:17'),
(45, 'Prof. Aubree Swift', 'Simeon Raynor PhD', 'Alfred Watsica', '2021-06-22 11:25:17', '2021-06-22 11:25:17'),
(46, 'Mr. Giovanni Gislason', 'Angie Flatley', 'Torrey Witting', '2021-06-22 11:25:17', '2021-06-22 11:25:17'),
(47, 'Prof. Jarred Schulist', 'Fabian Schumm', 'Prof. Dan Kassulke', '2021-06-22 11:25:17', '2021-06-22 11:25:17'),
(48, 'Orpha Cassin', 'Mr. Rashawn Rempel', 'Barry Osinski', '2021-06-22 11:25:17', '2021-06-22 11:25:17'),
(49, 'Tobin Haag', 'Daphne Moen MD', 'Concepcion Stroman V', '2021-06-22 11:25:17', '2021-06-22 11:25:17'),
(50, 'Gerald Schimmel II', 'Miss Lauryn O\'Hara', 'Joanny Baumbach', '2021-06-22 11:25:17', '2021-06-22 11:25:17'),
(51, 'Mrs. Stephania Hamill', 'Keshawn Grady', 'Bridget Armstrong', '2021-06-22 11:25:17', '2021-06-22 11:25:17'),
(52, 'Valerie Doyle', 'Libby O\'Connell', 'Antwan Shields', '2021-06-22 11:25:17', '2021-06-22 11:25:17'),
(53, 'Waino Bernier', 'Devon Ratke', 'Ivory Upton', '2021-06-22 11:25:17', '2021-06-22 11:25:17'),
(54, 'Victoria Kulas', 'Prof. Isom Collier', 'Sylvan Grimes', '2021-06-22 11:25:17', '2021-06-22 11:25:17'),
(55, 'Benny Jacobi', 'Mr. Douglas Nader Jr.', 'Zelda Watsica', '2021-06-22 11:25:17', '2021-06-22 11:25:17'),
(56, 'Glennie Graham', 'Valerie Langosh Sr.', 'Berenice Prohaska I', '2021-06-22 11:25:17', '2021-06-22 11:25:17'),
(57, 'Eliza Gislason', 'Naomie Braun', 'Marielle Wuckert', '2021-06-22 11:25:17', '2021-06-22 11:25:17'),
(58, 'Roel Brown', 'Mireille Jaskolski IV', 'Toy Koelpin', '2021-06-22 11:25:17', '2021-06-22 11:25:17'),
(59, 'Merritt Krajcik MD', 'Ms. Lola Metz', 'Brisa Kuhlman', '2021-06-22 11:25:17', '2021-06-22 11:25:17'),
(60, 'Emile Kris', 'Fay Towne', 'Abbey Bashirian', '2021-06-22 11:25:17', '2021-06-22 11:25:17'),
(61, 'Carli Wiegand', 'Dr. Osbaldo Lesch DVM', 'Aditya Abbott', '2021-06-22 11:25:17', '2021-06-22 11:25:17'),
(62, 'Clyde Pollich', 'Trycia Nolan', 'Modesta Mann', '2021-06-22 11:25:17', '2021-06-22 11:25:17'),
(63, 'Raegan Gottlieb', 'Prof. Oliver Pagac', 'Yadira Labadie', '2021-06-22 11:25:17', '2021-06-22 11:25:17'),
(64, 'George Jerde III', 'Mr. Dangelo Goodwin I', 'Katelin Bednar V', '2021-06-22 11:25:17', '2021-06-22 11:25:17'),
(65, 'Sibyl O\'Conner', 'Ms. Willie Kerluke', 'Prof. Katelyn Skiles V', '2021-06-22 11:25:17', '2021-06-22 11:25:17'),
(66, 'Elyse O\'Conner', 'Robb Reichel', 'Demetrius Volkman', '2021-06-22 11:25:17', '2021-06-22 11:25:17'),
(67, 'Dr. Parker Kirlin', 'Grayson Conroy', 'Anita Grimes', '2021-06-22 11:25:17', '2021-06-22 11:25:17'),
(68, 'Okey Nienow', 'Jodie Strosin V', 'Kurt Orn', '2021-06-22 11:25:17', '2021-06-22 11:25:17'),
(69, 'Prof. Rowan Ruecker', 'Ms. Jaunita Kunze', 'Eli Vandervort I', '2021-06-22 11:25:17', '2021-06-22 11:25:17'),
(70, 'Eden Hoeger', 'Myron Reilly', 'Mr. Clair Prosacco', '2021-06-22 11:25:17', '2021-06-22 11:25:17'),
(71, 'Velda Wyman IV', 'Garrick Schaden', 'Laurel Marvin', '2021-06-22 11:25:17', '2021-06-22 11:25:17'),
(72, 'Keagan Carter', 'Prof. Claire Nolan', 'Prof. Dalton Koelpin I', '2021-06-22 11:25:17', '2021-06-22 11:25:17'),
(73, 'Coby Mohr', 'Dr. Jeffrey Bauch', 'Reyna Connelly', '2021-06-22 11:25:17', '2021-06-22 11:25:17'),
(74, 'Miss Estella Bogisich Sr.', 'Dr. Tania Nitzsche I', 'Clinton Bayer', '2021-06-22 11:25:17', '2021-06-22 11:25:17'),
(75, 'Rodolfo Green', 'Dr. Marianna Wilkinson', 'Miss Rubie Kuhic PhD', '2021-06-22 11:25:17', '2021-06-22 11:25:17'),
(76, 'Mallory Marquardt', 'Santiago Cummerata', 'Prof. Audreanne Kuhic DVM', '2021-06-22 11:25:17', '2021-06-22 11:25:17'),
(77, 'Clara Parisian', 'Anderson Schinner Jr.', 'Maia Stanton', '2021-06-22 11:25:17', '2021-06-22 11:25:17'),
(78, 'Margot Strosin', 'Tina Goyette', 'Mrs. Mariam Kerluke II', '2021-06-22 11:25:17', '2021-06-22 11:25:17'),
(79, 'Ashley Bailey', 'Ms. Mariah Hand DDS', 'Hyman Brekke', '2021-06-22 11:25:17', '2021-06-22 11:25:17'),
(80, 'Berta Fadel', 'Henderson Labadie', 'Oceane Durgan', '2021-06-22 11:25:17', '2021-06-22 11:25:17'),
(81, 'Dr. Jermain Mayert PhD', 'Erika Barton I', 'Violette Herzog DVM', '2021-06-22 11:25:17', '2021-06-22 11:25:17'),
(82, 'Sam Okuneva', 'Maddison Murphy', 'Jayden Funk V', '2021-06-22 11:25:17', '2021-06-22 11:25:17'),
(83, 'Ms. Maryse Spinka', 'Haven Miller', 'Miss Helen Williamson', '2021-06-22 11:25:17', '2021-06-22 11:25:17'),
(84, 'Abigail Kuvalis', 'Retha Pouros', 'Sadye Christiansen', '2021-06-22 11:25:17', '2021-06-22 11:25:17'),
(85, 'Mr. Tad McClure DDS', 'Cathrine Satterfield Sr.', 'Fidel Smith', '2021-06-22 11:25:17', '2021-06-22 11:25:17'),
(86, 'Prof. Agustin Hermiston', 'Otho O\'Reilly', 'Rodolfo Upton MD', '2021-06-22 11:25:17', '2021-06-22 11:25:17'),
(87, 'Carolyn Steuber', 'Dr. Jazmin Grimes MD', 'Chance Willms', '2021-06-22 11:25:17', '2021-06-22 11:25:17'),
(88, 'Aletha Sauer', 'Else Hayes', 'Jayce Feest', '2021-06-22 11:25:17', '2021-06-22 11:25:17'),
(89, 'Caitlyn Collier MD', 'Jonathan Corwin', 'Ottilie Rohan IV', '2021-06-22 11:25:17', '2021-06-22 11:25:17'),
(90, 'Elvis Toy II', 'Sheila Bogan', 'Raymond Stark', '2021-06-22 11:25:17', '2021-06-22 11:25:17'),
(91, 'Lonny Sanford', 'Kennedi Zemlak', 'Prof. Jailyn Strosin', '2021-06-22 11:25:17', '2021-06-22 11:25:17'),
(92, 'Sibyl Anderson', 'Christophe Walsh', 'Laila Rutherford', '2021-06-22 11:25:17', '2021-06-22 11:25:17'),
(93, 'Mrs. Lily Simonis I', 'Gerry Sauer', 'Tavares Sanford', '2021-06-22 11:25:17', '2021-06-22 11:25:17'),
(94, 'Willa Mitchell', 'Marcos Langosh III', 'Keanu Ryan', '2021-06-22 11:25:17', '2021-06-22 11:25:17'),
(95, 'Kale Rogahn III', 'Miss Arianna Conroy', 'Dr. Vivianne Bogisich DVM', '2021-06-22 11:25:17', '2021-06-22 11:25:17'),
(96, 'Pattie Emmerich', 'Johathan Lebsack', 'Cloyd Greenholt', '2021-06-22 11:25:17', '2021-06-22 11:25:17'),
(97, 'Dr. Louie Swift DDS', 'Ms. Sienna Rice', 'Mathias Daniel', '2021-06-22 11:25:17', '2021-06-22 11:25:17'),
(98, 'Waylon Rempel', 'Jalen Pfannerstill', 'Ms. Karina Grant', '2021-06-22 11:25:17', '2021-06-22 11:25:17'),
(99, 'Isac Stanton', 'Elijah Torp', 'Prof. Modesta Kuhn', '2021-06-22 11:25:17', '2021-06-22 11:25:17'),
(100, 'Bell Bartell', 'Therese Wilkinson', 'Webster Fisher', '2021-06-22 11:25:17', '2021-06-22 11:25:17'),
(101, 'Hardy Reichel DVM', 'Durward Little', 'Mrs. Sarah Davis', '2021-06-22 11:25:38', '2021-06-22 11:25:38'),
(102, 'Demetris Goyette', 'Annamarie Bradtke II', 'Brisa Morissette', '2021-06-22 11:25:38', '2021-06-22 11:25:38'),
(103, 'Liliana Murray', 'Dr. Adriel Prosacco', 'Mrs. Kellie Considine II', '2021-06-22 11:25:38', '2021-06-22 11:25:38'),
(104, 'Reba Ebert', 'Era Kiehn', 'Mr. Russ Gibson', '2021-06-22 11:25:38', '2021-06-22 11:25:38'),
(105, 'Mr. Domingo Anderson DDS', 'Cooper Stanton DVM', 'Mr. Ignatius Mante DDS', '2021-06-22 11:25:38', '2021-06-22 11:25:38'),
(106, 'Kira Hessel', 'Marianne Gerlach MD', 'Victoria Fahey', '2021-06-22 11:25:38', '2021-06-22 11:25:38'),
(107, 'Abdul Rowe MD', 'Brenden Mayert', 'Ramiro Mayert', '2021-06-22 11:25:38', '2021-06-22 11:25:38'),
(108, 'Whitney Hoppe', 'Emely Carroll', 'Reanna West', '2021-06-22 11:25:38', '2021-06-22 11:25:38'),
(109, 'Kale O\'Hara', 'Coy Schneider', 'Milton Kuhn', '2021-06-22 11:25:38', '2021-06-22 11:25:38'),
(110, 'Adalberto Hodkiewicz', 'Kallie Nienow', 'Sasha Farrell', '2021-06-22 11:25:38', '2021-06-22 11:25:38'),
(111, 'Reymundo Price', 'Dr. Ollie Muller I', 'Albin Treutel', '2021-06-22 11:25:38', '2021-06-22 11:25:38'),
(112, 'Dr. Makenzie Schulist', 'Nelda Ruecker', 'Estelle Labadie', '2021-06-22 11:25:38', '2021-06-22 11:25:38'),
(113, 'Arthur Rau', 'Devante Deckow', 'Prof. Murl Bayer I', '2021-06-22 11:25:38', '2021-06-22 11:25:38'),
(114, 'Miss Magdalen Brekke MD', 'Jaydon Kuhn III', 'Prof. Juwan Breitenberg', '2021-06-22 11:25:38', '2021-06-22 11:25:38'),
(115, 'Jerrold Larkin', 'Lonie Jacobs', 'Ms. Mabelle Dickinson', '2021-06-22 11:25:38', '2021-06-22 11:25:38'),
(116, 'Janessa Friesen', 'Kyle Ortiz', 'Maria Macejkovic', '2021-06-22 11:25:38', '2021-06-22 11:25:38'),
(117, 'Norval Rippin', 'Stanley Beatty', 'Keshawn Bartoletti MD', '2021-06-22 11:25:38', '2021-06-22 11:25:38'),
(118, 'Mr. Fern Schamberger V', 'Laurine Paucek', 'Prof. Brenden Williamson', '2021-06-22 11:25:38', '2021-06-22 11:25:38'),
(119, 'Lila DuBuque', 'Prof. Rhett Ziemann', 'Precious Beier', '2021-06-22 11:25:38', '2021-06-22 11:25:38'),
(120, 'Tremaine Renner', 'Prof. Madisen Rice', 'Dayna Kiehn', '2021-06-22 11:25:38', '2021-06-22 11:25:38'),
(121, 'Meta Cruickshank', 'Jamie Hegmann', 'Mr. Leland Reinger', '2021-06-22 11:25:38', '2021-06-22 11:25:38'),
(122, 'Autumn Kilback', 'Julianne Buckridge', 'Baby Towne', '2021-06-22 11:25:38', '2021-06-22 11:25:38'),
(123, 'Mrs. Samantha Oberbrunner', 'Prof. Annie Hickle', 'Boyd Lesch', '2021-06-22 11:25:38', '2021-06-22 11:25:38'),
(124, 'Timmothy Kovacek', 'Joannie Rippin', 'Otilia Stamm', '2021-06-22 11:25:38', '2021-06-22 11:25:38'),
(125, 'Shirley Weber', 'Bart Crooks DVM', 'Kevin Feil', '2021-06-22 11:25:38', '2021-06-22 11:25:38'),
(126, 'Prof. Nova Stiedemann', 'Dr. Erick Bechtelar', 'Stephania Rohan', '2021-06-22 11:25:38', '2021-06-22 11:25:38'),
(127, 'Clay Wisozk II', 'Eulah Rowe', 'Nathan Turcotte', '2021-06-22 11:25:38', '2021-06-22 11:25:38'),
(128, 'Consuelo Keeling MD', 'Dante Legros', 'Jonathan Satterfield PhD', '2021-06-22 11:25:38', '2021-06-22 11:25:38'),
(129, 'Rickie Gleichner', 'Betsy Langworth', 'Mr. Elliot Pfannerstill', '2021-06-22 11:25:38', '2021-06-22 11:25:38'),
(130, 'Mr. Alexandre Ledner', 'Claud Wolff', 'Prof. Arden Bailey', '2021-06-22 11:25:38', '2021-06-22 11:25:38'),
(131, 'Jordane Thiel', 'Brett Yundt', 'Dr. Chester Aufderhar', '2021-06-22 11:25:38', '2021-06-22 11:25:38'),
(132, 'Jacques Will', 'Cheyanne Schroeder', 'Dr. Allan Beatty', '2021-06-22 11:25:38', '2021-06-22 11:25:38'),
(133, 'Elton Walsh', 'Ms. Abbey Mitchell PhD', 'Guadalupe Gaylord', '2021-06-22 11:25:38', '2021-06-22 11:25:38'),
(134, 'Mr. Weston Prohaska', 'Junior Ruecker', 'Jerad Treutel', '2021-06-22 11:25:38', '2021-06-22 11:25:38'),
(135, 'Tamia Breitenberg', 'Prof. Brook Jacobi Sr.', 'Mrs. Alia Champlin MD', '2021-06-22 11:25:38', '2021-06-22 11:25:38'),
(136, 'Virgil Dickinson', 'Prof. Ida Labadie III', 'Twila Eichmann MD', '2021-06-22 11:25:38', '2021-06-22 11:25:38'),
(137, 'Jordon Moen', 'Ms. Jaunita Baumbach V', 'Drake Fahey', '2021-06-22 11:25:38', '2021-06-22 11:25:38'),
(138, 'Allan Huel', 'Dr. Theresia Heller MD', 'Gussie Collier', '2021-06-22 11:25:38', '2021-06-22 11:25:38'),
(139, 'Drake Emard', 'Electa Jakubowski', 'Jenifer Hilpert', '2021-06-22 11:25:38', '2021-06-22 11:25:38'),
(140, 'Mr. Hester Ortiz', 'Lucio Gleason DDS', 'Alfonso Wiegand', '2021-06-22 11:25:38', '2021-06-22 11:25:38'),
(141, 'Dayne Braun', 'Florida Batz', 'Lurline Hammes DDS', '2021-06-22 11:25:38', '2021-06-22 11:25:38'),
(142, 'Dr. Avis Weimann II', 'Rebekah Tremblay', 'Emmitt Trantow', '2021-06-22 11:25:38', '2021-06-22 11:25:38'),
(143, 'Favian Weber DDS', 'Melvina Kling', 'Miss Josianne Klocko', '2021-06-22 11:25:38', '2021-06-22 11:25:38'),
(144, 'Mrs. Zetta Russel', 'Mrs. Shany Wyman Sr.', 'Noemy Lehner', '2021-06-22 11:25:38', '2021-06-22 11:25:38'),
(145, 'Marquise Bruen', 'Wilfrid Gorczany', 'Antonette Smith', '2021-06-22 11:25:38', '2021-06-22 11:25:38'),
(146, 'Miss Delilah Feil MD', 'Conor Steuber', 'Edyth Walter', '2021-06-22 11:25:38', '2021-06-22 11:25:38'),
(147, 'Ernest Stroman', 'Vernon Howe III', 'Germaine DuBuque', '2021-06-22 11:25:38', '2021-06-22 11:25:38'),
(148, 'Elmore Howe', 'Mrs. Adella Schroeder', 'Marlee Terry DVM', '2021-06-22 11:25:38', '2021-06-22 11:25:38'),
(149, 'Dr. Nella Welch', 'Nestor Trantow DVM', 'Mitchel Aufderhar', '2021-06-22 11:25:38', '2021-06-22 11:25:38'),
(150, 'Tremaine O\'Reilly', 'Garret Kuhlman', 'Mr. Kennedy Runte', '2021-06-22 11:25:38', '2021-06-22 11:25:38'),
(151, 'Dr. Kellen Lynch V', 'Demario Schmitt', 'Dr. Dameon Marquardt', '2021-06-22 11:25:38', '2021-06-22 11:25:38'),
(152, 'Emmanuelle Volkman IV', 'Anita Williamson DVM', 'Dr. Louvenia Weber II', '2021-06-22 11:25:38', '2021-06-22 11:25:38'),
(153, 'Geoffrey Mertz', 'Frederique Jacobi', 'Wendy Gislason', '2021-06-22 11:25:38', '2021-06-22 11:25:38'),
(154, 'Tony Stehr', 'Kristian Howe Sr.', 'Miss Treva Sauer', '2021-06-22 11:25:38', '2021-06-22 11:25:38'),
(155, 'Axel McClure', 'Nichole Carter', 'Pamela Stehr', '2021-06-22 11:25:38', '2021-06-22 11:25:38'),
(156, 'Dorothy Graham', 'Lenore Friesen', 'Gunnar Luettgen MD', '2021-06-22 11:25:38', '2021-06-22 11:25:38'),
(157, 'Dayana Hahn', 'Loyce Langworth', 'Jammie Lind', '2021-06-22 11:25:38', '2021-06-22 11:25:38'),
(158, 'Devin Padberg', 'Kobe Kilback MD', 'Bo Kassulke', '2021-06-22 11:25:38', '2021-06-22 11:25:38'),
(159, 'Jarred Reinger Jr.', 'Emma Carter', 'Lynn Lehner', '2021-06-22 11:25:38', '2021-06-22 11:25:38'),
(160, 'Elmo Streich', 'Lacy Vandervort II', 'Dr. Reilly Cummings', '2021-06-22 11:25:38', '2021-06-22 11:25:38'),
(161, 'Dr. Lily Wiegand I', 'Gina Ondricka', 'Simone Ullrich', '2021-06-22 11:25:38', '2021-06-22 11:25:38'),
(162, 'Rodolfo Kulas', 'Drew Bechtelar', 'Dr. Marcelle Cummings', '2021-06-22 11:25:38', '2021-06-22 11:25:38'),
(163, 'Lucy Prohaska', 'Ava Wintheiser', 'Prince VonRueden PhD', '2021-06-22 11:25:38', '2021-06-22 11:25:38'),
(164, 'Freddy Wehner', 'Zetta Volkman', 'Kira Kemmer', '2021-06-22 11:25:38', '2021-06-22 11:25:38'),
(165, 'Geovanni Sauer PhD', 'Mathilde Watsica', 'Prof. Rosalind Bernier I', '2021-06-22 11:25:38', '2021-06-22 11:25:38'),
(166, 'Marcus Beer', 'Tatum Buckridge', 'Mrs. Aileen Willms', '2021-06-22 11:25:38', '2021-06-22 11:25:38'),
(167, 'Prof. Tad Weissnat III', 'Jayce Doyle', 'Dr. Hailie McClure II', '2021-06-22 11:25:38', '2021-06-22 11:25:38'),
(168, 'Corine Koch', 'Rusty Mertz DVM', 'Melvina Rempel', '2021-06-22 11:25:38', '2021-06-22 11:25:38'),
(169, 'Rowena Considine Jr.', 'Micaela Johnston', 'Prof. Jared Lebsack PhD', '2021-06-22 11:25:38', '2021-06-22 11:25:38'),
(170, 'Ignatius Leuschke', 'Isaiah Wehner', 'Prof. Elissa Feil II', '2021-06-22 11:25:38', '2021-06-22 11:25:38'),
(171, 'Adrienne Leannon MD', 'Clovis Kris', 'Jedidiah Kulas', '2021-06-22 11:25:38', '2021-06-22 11:25:38'),
(172, 'Annabell Gaylord', 'Lilian Blick', 'Heath Howell DDS', '2021-06-22 11:25:38', '2021-06-22 11:25:38'),
(173, 'Devante Littel', 'Luella Harber', 'Allie Hayes MD', '2021-06-22 11:25:38', '2021-06-22 11:25:38'),
(174, 'Armani Crona', 'Bud Hackett', 'Skyla Wunsch', '2021-06-22 11:25:38', '2021-06-22 11:25:38'),
(175, 'Dr. Maverick Mayer', 'Arnulfo Padberg', 'Dr. Dorthy O\'Reilly II', '2021-06-22 11:25:38', '2021-06-22 11:25:38'),
(176, 'Lisandro Kassulke MD', 'Lessie Conroy', 'Dimitri Grady', '2021-06-22 11:25:38', '2021-06-22 11:25:38'),
(177, 'Cynthia Koss MD', 'Grover Considine', 'Neha Borer', '2021-06-22 11:25:38', '2021-06-22 11:25:38'),
(178, 'Jessika Volkman', 'Louisa Schumm', 'Travis Eichmann PhD', '2021-06-22 11:25:38', '2021-06-22 11:25:38'),
(179, 'Camryn Ziemann', 'Dr. Ronaldo Barton', 'Irma Kovacek', '2021-06-22 11:25:38', '2021-06-22 11:25:38'),
(180, 'Abbigail Bartoletti', 'Allie Kihn Sr.', 'Ken Dickinson', '2021-06-22 11:25:38', '2021-06-22 11:25:38'),
(181, 'Bridget Moen', 'Jakob Rippin', 'Prof. Adonis Runolfsdottir PhD', '2021-06-22 11:25:38', '2021-06-22 11:25:38'),
(182, 'Eduardo Kemmer', 'Daphne Zboncak', 'Russell Kunze', '2021-06-22 11:25:38', '2021-06-22 11:25:38'),
(183, 'Barton Marquardt', 'Prof. Reuben Ruecker DVM', 'Lina Hahn', '2021-06-22 11:25:38', '2021-06-22 11:25:38'),
(184, 'Ona Lindgren', 'Hailee Glover', 'Mr. Issac Casper MD', '2021-06-22 11:25:38', '2021-06-22 11:25:38'),
(185, 'Dee Crooks', 'Fannie Williamson', 'Kris Lueilwitz', '2021-06-22 11:25:38', '2021-06-22 11:25:38'),
(186, 'Fermin Runte', 'Tod Schimmel', 'Lilian Fadel', '2021-06-22 11:25:38', '2021-06-22 11:25:38'),
(187, 'Mrs. Jakayla Moore MD', 'Eryn Schmidt DVM', 'Amira Terry', '2021-06-22 11:25:38', '2021-06-22 11:25:38'),
(188, 'Ariane Tromp', 'Gust Cummerata', 'Cale Treutel', '2021-06-22 11:25:38', '2021-06-22 11:25:38'),
(189, 'Prof. Shyanne Goldner IV', 'Natalia Hettinger', 'Raymond Bailey', '2021-06-22 11:25:38', '2021-06-22 11:25:38'),
(190, 'Ebba Schoen', 'Meagan Bashirian', 'Glenda Dickens', '2021-06-22 11:25:38', '2021-06-22 11:25:38'),
(191, 'Newell Cummerata III', 'Maye Crooks', 'German Shields', '2021-06-22 11:25:38', '2021-06-22 11:25:38'),
(192, 'Cordie Gusikowski IV', 'Dr. Rickey Hegmann IV', 'Roberta Bogan', '2021-06-22 11:25:38', '2021-06-22 11:25:38'),
(193, 'Maximo Turner', 'Meaghan Block III', 'Prof. Dedrick Kozey MD', '2021-06-22 11:25:38', '2021-06-22 11:25:38'),
(194, 'Deron Hand', 'Greg Christiansen', 'Marielle Torphy', '2021-06-22 11:25:38', '2021-06-22 11:25:38'),
(195, 'Miss Viviane O\'Reilly Sr.', 'Aletha Wilkinson PhD', 'Mr. Carson Rolfson II', '2021-06-22 11:25:38', '2021-06-22 11:25:38'),
(196, 'Miss Trycia Hilpert III', 'Gregg Kuhn Sr.', 'Giovanny Carroll', '2021-06-22 11:25:38', '2021-06-22 11:25:38'),
(197, 'Ms. Myrtice Ortiz', 'Madyson Christiansen MD', 'Nelson Hilpert', '2021-06-22 11:25:38', '2021-06-22 11:25:38'),
(198, 'Giuseppe Leuschke', 'Prof. Oren Huels Sr.', 'Prof. Terrence Kuphal', '2021-06-22 11:25:38', '2021-06-22 11:25:38'),
(199, 'Henderson Koepp', 'Dr. Jadyn Armstrong', 'Adrienne McLaughlin Sr.', '2021-06-22 11:25:38', '2021-06-22 11:25:38'),
(200, 'Anastasia Ortiz MD', 'Sim Weber', 'Dr. Layne Murray', '2021-06-22 11:25:38', '2021-06-22 11:25:38'),
(201, 'Antonina Bernier', 'Dr. Hosea Graham', 'Virgil Heidenreich', '2021-06-22 11:25:38', '2021-06-22 11:25:38'),
(202, 'Prof. Josiane Mitchell Jr.', 'Birdie Yost', 'Florencio Adams', '2021-06-22 11:25:38', '2021-06-22 11:25:38'),
(203, 'Ardella Olson Sr.', 'Percy Hartmann', 'Hailee Bode III', '2021-06-22 11:25:38', '2021-06-22 11:25:38'),
(204, 'Dr. Alvis Kilback Sr.', 'Ebony Ebert', 'Mr. Vicente Moen Sr.', '2021-06-22 11:25:38', '2021-06-22 11:25:38'),
(205, 'Prof. Bettie Tillman', 'Mrs. Audreanne Howell', 'Kailey Kassulke', '2021-06-22 11:25:38', '2021-06-22 11:25:38'),
(206, 'Belle Thompson Jr.', 'Maci Wehner', 'Lonie Batz', '2021-06-22 11:25:38', '2021-06-22 11:25:38'),
(207, 'Nora Nitzsche', 'Vinnie Lind', 'Dr. Kraig Ferry V', '2021-06-22 11:25:38', '2021-06-22 11:25:38'),
(208, 'Dr. Devon Anderson Sr.', 'Jeremie Torphy DVM', 'Jeremie Schimmel IV', '2021-06-22 11:25:38', '2021-06-22 11:25:38'),
(209, 'Waldo Hahn', 'Jennie Dickinson', 'Nicola Mraz DDS', '2021-06-22 11:25:38', '2021-06-22 11:25:38'),
(210, 'Cielo Hahn MD', 'Lavonne Torp', 'Jannie Swaniawski', '2021-06-22 11:25:38', '2021-06-22 11:25:38'),
(211, 'Johnathan Mayert DVM', 'Ozella Prohaska', 'Bernhard Tremblay', '2021-06-22 11:25:38', '2021-06-22 11:25:38'),
(212, 'Allen Dicki', 'Hazel Abshire', 'Brisa Torp', '2021-06-22 11:25:38', '2021-06-22 11:25:38'),
(213, 'Asia Effertz', 'Heber Bradtke', 'Theron Ziemann', '2021-06-22 11:25:38', '2021-06-22 11:25:38'),
(214, 'Miles Boyer V', 'Alanna Swaniawski', 'Ms. Julianne Stark II', '2021-06-22 11:25:38', '2021-06-22 11:25:38'),
(215, 'Frederick Paucek', 'Delpha Rath', 'Alexa Bartoletti', '2021-06-22 11:25:38', '2021-06-22 11:25:38'),
(216, 'Nathanial Willms', 'Bryce Aufderhar', 'Jaqueline Langworth', '2021-06-22 11:25:38', '2021-06-22 11:25:38'),
(217, 'Theodora Tremblay', 'Kelton Fisher', 'Prof. Spencer Marvin', '2021-06-22 11:25:38', '2021-06-22 11:25:38'),
(218, 'Shyann Balistreri', 'Tess Roob', 'Miss Marcelle Feeney', '2021-06-22 11:25:38', '2021-06-22 11:25:38'),
(219, 'Elsie Lueilwitz', 'Hugh Kozey DDS', 'Prof. Erika Wolf', '2021-06-22 11:25:38', '2021-06-22 11:25:38'),
(220, 'Corene Kreiger', 'Mr. Osbaldo Hettinger', 'Deven Hayes', '2021-06-22 11:25:38', '2021-06-22 11:25:38'),
(221, 'Mr. Adelbert Hammes', 'Mrs. Ella Reinger', 'Pearl Beer', '2021-06-22 11:25:38', '2021-06-22 11:25:38'),
(222, 'Prof. Gabriel Quitzon', 'Mr. Sonny Crooks I', 'Donnell Will', '2021-06-22 11:25:38', '2021-06-22 11:25:38'),
(223, 'Dr. Everette Haag', 'Tianna Simonis', 'Leanna Moore', '2021-06-22 11:25:38', '2021-06-22 11:25:38'),
(224, 'Keegan Bauch', 'Miss Isabella Kihn MD', 'Elva Watsica', '2021-06-22 11:25:38', '2021-06-22 11:25:38'),
(225, 'Prof. Bradly Dietrich Jr.', 'Jennyfer Sporer', 'Dr. Casey Russel', '2021-06-22 11:25:38', '2021-06-22 11:25:38'),
(226, 'Lourdes Roob', 'Tavares Howell', 'Priscilla Roberts', '2021-06-22 11:25:38', '2021-06-22 11:25:38'),
(227, 'Velma Dare Jr.', 'Mr. Casimer Monahan', 'Keely Schaefer', '2021-06-22 11:25:38', '2021-06-22 11:25:38'),
(228, 'Addie Swaniawski', 'Prof. Ruby Walter', 'Jonathan Lindgren Jr.', '2021-06-22 11:25:38', '2021-06-22 11:25:38'),
(229, 'Isaac Gaylord I', 'Prof. Joelle Koch', 'Amina Hartmann', '2021-06-22 11:25:38', '2021-06-22 11:25:38'),
(230, 'Ms. River Kertzmann', 'Adele Wisozk', 'Kayleigh Rohan', '2021-06-22 11:25:38', '2021-06-22 11:25:38'),
(231, 'Mr. Monty Lubowitz DVM', 'Sierra Williamson II', 'Matt Rohan', '2021-06-22 11:25:38', '2021-06-22 11:25:38'),
(232, 'Randi Graham', 'Mina Stracke', 'Fabiola Koepp', '2021-06-22 11:25:38', '2021-06-22 11:25:38'),
(233, 'Issac Lowe', 'Miss Alison Cummerata PhD', 'Kristopher Ratke DVM', '2021-06-22 11:25:38', '2021-06-22 11:25:38'),
(234, 'Euna Osinski', 'Marco Robel', 'Gregoria Torphy DVM', '2021-06-22 11:25:38', '2021-06-22 11:25:38'),
(235, 'Bernadine Gottlieb', 'Prof. Jada Wilkinson', 'Tyreek Friesen', '2021-06-22 11:25:38', '2021-06-22 11:25:38'),
(236, 'Chester Schmitt', 'Houston Pacocha V', 'Ms. Bonita Rosenbaum V', '2021-06-22 11:25:38', '2021-06-22 11:25:38'),
(237, 'Letitia Powlowski', 'Gregory Swift', 'Aurelio Towne I', '2021-06-22 11:25:38', '2021-06-22 11:25:38'),
(238, 'Ashlee Abbott', 'Clyde Rutherford', 'Pearline Howell', '2021-06-22 11:25:38', '2021-06-22 11:25:38'),
(239, 'Mrs. Hermina Beatty DDS', 'Leola Russel', 'Geoffrey Welch', '2021-06-22 11:25:38', '2021-06-22 11:25:38'),
(240, 'Calista VonRueden', 'Frederick Volkman', 'Winfield Hegmann', '2021-06-22 11:25:38', '2021-06-22 11:25:38'),
(241, 'Jayce Baumbach', 'Baylee McLaughlin', 'Genevieve Oberbrunner', '2021-06-22 11:25:38', '2021-06-22 11:25:38'),
(242, 'Elda Dach', 'Gino Zemlak Jr.', 'Blake Bartell', '2021-06-22 11:25:38', '2021-06-22 11:25:38'),
(243, 'Velda Bartell', 'Alisha Farrell', 'Clemmie Hansen', '2021-06-22 11:25:38', '2021-06-22 11:25:38'),
(244, 'Jakayla Flatley', 'Miss Roxanne Will', 'Mr. Arnold Doyle III', '2021-06-22 11:25:38', '2021-06-22 11:25:38'),
(245, 'Miss Monique Beer', 'Ms. Edythe Murazik I', 'Hillard Trantow', '2021-06-22 11:25:38', '2021-06-22 11:25:38'),
(246, 'Katelyn Marks PhD', 'Ruth Little', 'Ms. Adriana Goodwin', '2021-06-22 11:25:38', '2021-06-22 11:25:38'),
(247, 'Cleve Bode', 'Velva Dickinson Jr.', 'Nikki Morar', '2021-06-22 11:25:38', '2021-06-22 11:25:38'),
(248, 'Patience Lebsack', 'Prof. Arch Heller', 'Laurine Doyle', '2021-06-22 11:25:38', '2021-06-22 11:25:38'),
(249, 'Edwin VonRueden', 'Deion Sanford', 'Verna Runte', '2021-06-22 11:25:38', '2021-06-22 11:25:38'),
(250, 'Trycia Swift', 'Kiel Beier', 'Ms. Tierra Flatley Sr.', '2021-06-22 11:25:38', '2021-06-22 11:25:38'),
(251, 'Aubrey Schuppe MD', 'Alessia Wintheiser', 'Eliezer Jaskolski', '2021-06-22 11:25:38', '2021-06-22 11:25:38'),
(252, 'Lukas Doyle IV', 'Kamren Bailey', 'Idella Koepp', '2021-06-22 11:25:38', '2021-06-22 11:25:38'),
(253, 'Lorine Romaguera Jr.', 'Prof. Oran O\'Reilly III', 'Luna Maggio', '2021-06-22 11:25:38', '2021-06-22 11:25:38'),
(254, 'Anderson Carter V', 'Ms. Daniela Lesch', 'Abigale Tromp', '2021-06-22 11:25:38', '2021-06-22 11:25:38'),
(255, 'Lulu Collins', 'Prof. Trenton Bashirian', 'Rosamond Pfannerstill', '2021-06-22 11:25:38', '2021-06-22 11:25:38'),
(256, 'Marcelle Schmidt', 'Martine Rippin Sr.', 'Ethel Pagac IV', '2021-06-22 11:25:38', '2021-06-22 11:25:38'),
(257, 'Lauriane Rippin Sr.', 'Cristian Larson', 'Giovanna Metz DDS', '2021-06-22 11:25:38', '2021-06-22 11:25:38'),
(258, 'Alphonso Beer IV', 'Boris Block', 'Madonna Upton', '2021-06-22 11:25:38', '2021-06-22 11:25:38'),
(259, 'Mrs. Janelle Cremin', 'Lenna Gutkowski', 'Ova Johns DVM', '2021-06-22 11:25:38', '2021-06-22 11:25:38'),
(260, 'Camren Barrows', 'Rodrigo Welch', 'Brooklyn Anderson', '2021-06-22 11:25:38', '2021-06-22 11:25:38'),
(261, 'Lelia Bauch', 'Dr. Zetta Collins Sr.', 'Mrs. Alyce Lemke I', '2021-06-22 11:25:38', '2021-06-22 11:25:38'),
(262, 'Rahsaan Hartmann', 'Erika Rowe Sr.', 'Hector Schuppe', '2021-06-22 11:25:38', '2021-06-22 11:25:38'),
(263, 'Prof. Jermey Wilderman II', 'Theron Hand', 'Leila Leffler', '2021-06-22 11:25:38', '2021-06-22 11:25:38'),
(264, 'Myrtice Kemmer', 'Lonie Bergstrom PhD', 'Freda Grimes', '2021-06-22 11:25:38', '2021-06-22 11:25:38'),
(265, 'Dr. Coy Wuckert', 'Micaela Heathcote', 'Adrienne Morissette', '2021-06-22 11:25:38', '2021-06-22 11:25:38'),
(266, 'Prof. Carter Buckridge', 'Virgil Farrell', 'Jonas Muller', '2021-06-22 11:25:38', '2021-06-22 11:25:38'),
(267, 'Marianne Runte', 'Julius Fadel II', 'Emiliano Bashirian', '2021-06-22 11:25:38', '2021-06-22 11:25:38'),
(268, 'Thaddeus Jerde Jr.', 'Mr. Barry Pouros', 'Fred Turner', '2021-06-22 11:25:38', '2021-06-22 11:25:38'),
(269, 'Andres Schmeler', 'Miles McClure', 'Janick Mayert', '2021-06-22 11:25:38', '2021-06-22 11:25:38'),
(270, 'Claudine Walter', 'Dr. Kailee Brown', 'Miss Elizabeth Beier', '2021-06-22 11:25:38', '2021-06-22 11:25:38'),
(271, 'Cristian Bosco', 'Cornell Kihn', 'Dr. Liza Botsford PhD', '2021-06-22 11:25:38', '2021-06-22 11:25:38'),
(272, 'Arno Littel', 'Cynthia Howell', 'Bryon Kovacek', '2021-06-22 11:25:38', '2021-06-22 11:25:38'),
(273, 'Carley Pollich', 'Miss Virginie Littel', 'Lora Blick', '2021-06-22 11:25:38', '2021-06-22 11:25:38'),
(274, 'Ms. Candice Jones', 'Reuben O\'Kon', 'Ms. Maud Armstrong', '2021-06-22 11:25:38', '2021-06-22 11:25:38'),
(275, 'Talon Kemmer', 'Liliane Christiansen', 'Nora Larson', '2021-06-22 11:25:38', '2021-06-22 11:25:38'),
(276, 'Max Aufderhar', 'Prof. Paris Borer DVM', 'Florida Reinger', '2021-06-22 11:25:38', '2021-06-22 11:25:38'),
(277, 'Ms. Mittie Hartmann', 'Berry McKenzie III', 'Juanita Bahringer V', '2021-06-22 11:25:38', '2021-06-22 11:25:38'),
(278, 'Javonte Morissette', 'Dr. Ramiro Berge II', 'Albin Hoeger', '2021-06-22 11:25:38', '2021-06-22 11:25:38'),
(279, 'Abdul Kreiger', 'Prof. Adella Larkin', 'Kirk Ebert Jr.', '2021-06-22 11:25:38', '2021-06-22 11:25:38'),
(280, 'Claudie Brekke', 'Napoleon Wiza', 'Thelma Gulgowski', '2021-06-22 11:25:38', '2021-06-22 11:25:38'),
(281, 'Bradly Johns', 'Bryce Flatley I', 'Leo Anderson', '2021-06-22 11:25:38', '2021-06-22 11:25:38'),
(282, 'Art Friesen', 'Noemie Sipes', 'Santa Hammes', '2021-06-22 11:25:38', '2021-06-22 11:25:38'),
(283, 'Dr. Carmine DuBuque', 'Oral Welch', 'Giovani Langosh III', '2021-06-22 11:25:38', '2021-06-22 11:25:38'),
(284, 'Gregoria Raynor', 'Mr. Sammy Heidenreich', 'Annetta Beer', '2021-06-22 11:25:38', '2021-06-22 11:25:38'),
(285, 'Prof. Steve Wiza DDS', 'Prof. Kylie Dickinson', 'Giovanni Sawayn', '2021-06-22 11:25:38', '2021-06-22 11:25:38'),
(286, 'Conner Parisian', 'Dr. Beau Green', 'Matt Lang', '2021-06-22 11:25:38', '2021-06-22 11:25:38'),
(287, 'Hillary Cartwright', 'Austen Lang DVM', 'Prof. Kendrick Weimann II', '2021-06-22 11:25:38', '2021-06-22 11:25:38'),
(288, 'Janet Gaylord', 'Vickie Morar', 'Lonny McLaughlin', '2021-06-22 11:25:38', '2021-06-22 11:25:38'),
(289, 'Sasha Tillman', 'Nicolette Kerluke', 'Prof. Marisa Osinski III', '2021-06-22 11:25:38', '2021-06-22 11:25:38'),
(290, 'Carolanne Jacobs', 'Creola Sporer DDS', 'Dr. Tara Hackett MD', '2021-06-22 11:25:38', '2021-06-22 11:25:38'),
(291, 'Sid Yost', 'Coralie Moore III', 'Miss Diana Schmitt', '2021-06-22 11:25:38', '2021-06-22 11:25:38'),
(292, 'Abelardo Wisozk', 'German Zulauf', 'Cara Cremin DVM', '2021-06-22 11:25:38', '2021-06-22 11:25:38'),
(293, 'Mrs. Lavonne Balistreri', 'Nyasia Davis DVM', 'Ms. Kianna Hermann', '2021-06-22 11:25:38', '2021-06-22 11:25:38'),
(294, 'Kitty Block', 'Kendrick Reinger', 'Prof. Anderson Ortiz III', '2021-06-22 11:25:38', '2021-06-22 11:25:38'),
(295, 'Prof. Dulce Wiza IV', 'Dr. Jordan Kilback', 'Francesca Franecki', '2021-06-22 11:25:38', '2021-06-22 11:25:38'),
(296, 'Dr. Maud Reinger', 'Triston Collins', 'Patience Gaylord', '2021-06-22 11:25:38', '2021-06-22 11:25:38'),
(297, 'Mrs. Kirsten O\'Kon MD', 'Georgianna Marquardt', 'Dr. Newton Jast IV', '2021-06-22 11:25:38', '2021-06-22 11:25:38'),
(298, 'Elvera McClure', 'Dr. Keven Stoltenberg DDS', 'Aliza Cormier', '2021-06-22 11:25:38', '2021-06-22 11:25:38'),
(299, 'Melany Moen I', 'Osborne Hackett', 'Colton Gorczany', '2021-06-22 11:25:38', '2021-06-22 11:25:38'),
(300, 'Prof. Jonathan Spencer PhD', 'Dr. Ezequiel Kiehn III', 'Maribel Ullrich', '2021-06-22 11:25:38', '2021-06-22 11:25:38'),
(301, 'Miss Cora Nicolas', 'Marlene Flatley', 'Georgiana Parisian', '2021-06-22 11:25:38', '2021-06-22 11:25:38'),
(302, 'Bryce Klocko', 'Meggie Romaguera', 'Francesco Lang DDS', '2021-06-22 11:25:38', '2021-06-22 11:25:38'),
(303, 'Chad Treutel', 'Horacio Rau', 'Tommie Satterfield', '2021-06-22 11:25:38', '2021-06-22 11:25:38'),
(304, 'Janis Beier', 'Wilfred Koch', 'Mr. Marc Lockman IV', '2021-06-22 11:25:38', '2021-06-22 11:25:38'),
(305, 'Dr. Frederik Howell', 'Sophia Langosh', 'Timothy Lehner', '2021-06-22 11:25:38', '2021-06-22 11:25:38'),
(306, 'Ethyl Shanahan', 'Elinore Thiel', 'Pete Mann', '2021-06-22 11:25:38', '2021-06-22 11:25:38'),
(307, 'Prof. Clemens Lindgren', 'Kaden Shields', 'Dr. Juliet Moen DVM', '2021-06-22 11:25:38', '2021-06-22 11:25:38'),
(308, 'Maegan Grady', 'Miss Constance Cartwright I', 'Salvador Jenkins', '2021-06-22 11:25:38', '2021-06-22 11:25:38'),
(309, 'Prof. Micah Stiedemann III', 'Prof. Roslyn Cruickshank IV', 'Mrs. Kathlyn Waters V', '2021-06-22 11:25:38', '2021-06-22 11:25:38'),
(310, 'Bianka Rippin', 'Dylan Franecki', 'Deion Marquardt', '2021-06-22 11:25:38', '2021-06-22 11:25:38'),
(311, 'Ignatius Olson', 'Elna Casper', 'Juanita Balistreri', '2021-06-22 11:25:38', '2021-06-22 11:25:38'),
(312, 'Khalil Farrell', 'Carmel Casper', 'Jacques Fritsch', '2021-06-22 11:25:38', '2021-06-22 11:25:38'),
(313, 'Ben Schamberger', 'Price Zieme', 'Dillan Bauch', '2021-06-22 11:25:38', '2021-06-22 11:25:38'),
(314, 'Rashawn Paucek', 'Marianne Becker', 'Kathleen Prosacco', '2021-06-22 11:25:38', '2021-06-22 11:25:38'),
(315, 'Alexandro Kulas IV', 'Nicola Buckridge', 'Jamal Treutel', '2021-06-22 11:25:38', '2021-06-22 11:25:38'),
(316, 'Mr. Adan Cummings I', 'Teagan Bernhard', 'Karli Altenwerth DVM', '2021-06-22 11:25:38', '2021-06-22 11:25:38'),
(317, 'Prof. Trenton Schaden', 'Clemmie Kohler II', 'Dr. Armani Kunze', '2021-06-22 11:25:38', '2021-06-22 11:25:38'),
(318, 'Anne Funk', 'Teresa Ferry', 'Daisy Abbott', '2021-06-22 11:25:38', '2021-06-22 11:25:38'),
(319, 'Jaydon Gutkowski', 'Broderick Lindgren', 'Helene Berge', '2021-06-22 11:25:38', '2021-06-22 11:25:38'),
(320, 'Rosalinda Jacobs III', 'Imogene Botsford', 'Miss Roselyn Buckridge V', '2021-06-22 11:25:38', '2021-06-22 11:25:38'),
(321, 'Tiffany Gerlach', 'Prof. Johnpaul Wolf', 'Jonatan Carroll DVM', '2021-06-22 11:25:38', '2021-06-22 11:25:38'),
(322, 'Mrs. Alda Beier', 'Prof. Jo Upton', 'Ms. Rhea Cummings', '2021-06-22 11:25:38', '2021-06-22 11:25:38'),
(323, 'Orie Hackett', 'Miss Neha Ledner I', 'Mellie Cronin', '2021-06-22 11:25:38', '2021-06-22 11:25:38'),
(324, 'Jeffery Corwin', 'Gertrude Ankunding', 'Dr. Courtney Schultz', '2021-06-22 11:25:38', '2021-06-22 11:25:38'),
(325, 'Prof. Dane Leannon DVM', 'Easter Ondricka', 'Cassidy Will DVM', '2021-06-22 11:25:38', '2021-06-22 11:25:38'),
(326, 'Miss Alvina Mosciski', 'Willie Gusikowski', 'Allen Keebler', '2021-06-22 11:25:38', '2021-06-22 11:25:38'),
(327, 'Trisha Heathcote I', 'Wilfrid Rohan MD', 'Claudie Cummings', '2021-06-22 11:25:38', '2021-06-22 11:25:38'),
(328, 'Jeanie Kiehn', 'Maci Herman DDS', 'Mrs. Aileen Balistreri', '2021-06-22 11:25:38', '2021-06-22 11:25:38'),
(329, 'Winston Predovic', 'Xander Schmitt', 'Francisca Berge MD', '2021-06-22 11:25:38', '2021-06-22 11:25:38'),
(330, 'Alia Ryan I', 'Colton Walsh', 'Rory Orn', '2021-06-22 11:25:38', '2021-06-22 11:25:38'),
(331, 'Mr. Dillon Bergstrom I', 'Lucas Wuckert', 'Layne Moore', '2021-06-22 11:25:38', '2021-06-22 11:25:38'),
(332, 'Rey Hansen', 'Eva Bartell II', 'Grover Hoppe', '2021-06-22 11:25:38', '2021-06-22 11:25:38'),
(333, 'Miss Freda Medhurst', 'Ms. Enola Dickinson DVM', 'Prof. Gus Marks DDS', '2021-06-22 11:25:38', '2021-06-22 11:25:38'),
(334, 'Prof. Tabitha Lockman', 'Kathlyn Schuppe V', 'Rebeka Schiller', '2021-06-22 11:25:38', '2021-06-22 11:25:38'),
(335, 'Jeremy Tillman', 'Orrin McCullough IV', 'Janis Grant', '2021-06-22 11:25:38', '2021-06-22 11:25:38'),
(336, 'Nico Hane', 'Dorothea Bruen', 'Alessandro Johnston', '2021-06-22 11:25:38', '2021-06-22 11:25:38'),
(337, 'Corene Stoltenberg PhD', 'Margarette Gerhold', 'Kenny Wuckert', '2021-06-22 11:25:38', '2021-06-22 11:25:38'),
(338, 'Gladyce Klein', 'Kurt Ratke', 'Mrs. Stacy Schulist Sr.', '2021-06-22 11:25:38', '2021-06-22 11:25:38'),
(339, 'Pat Barrows', 'Jairo Bins III', 'Frederique Cole', '2021-06-22 11:25:38', '2021-06-22 11:25:38'),
(340, 'Cassie Nolan', 'Gabriella Hodkiewicz', 'Mrs. Zoie Kutch IV', '2021-06-22 11:25:38', '2021-06-22 11:25:38'),
(341, 'Lorna Towne DDS', 'Alfonso Powlowski IV', 'Estell Mills III', '2021-06-22 11:25:38', '2021-06-22 11:25:38'),
(342, 'Dexter Robel', 'Antonetta Parker', 'Tracy Emmerich', '2021-06-22 11:25:38', '2021-06-22 11:25:38'),
(343, 'Curtis Mante', 'Brad Beahan', 'Juvenal Abbott', '2021-06-22 11:25:38', '2021-06-22 11:25:38'),
(344, 'Kip Larkin', 'Prof. Forrest VonRueden', 'Delphine Steuber I', '2021-06-22 11:25:38', '2021-06-22 11:25:38'),
(345, 'Ms. Yvonne Hettinger', 'Everett Dietrich', 'Dr. Katrine Rau', '2021-06-22 11:25:38', '2021-06-22 11:25:38'),
(346, 'Mrs. Maia Huel DVM', 'Hershel Blanda', 'Allie Stracke', '2021-06-22 11:25:38', '2021-06-22 11:25:38'),
(347, 'Mrs. Harmony Heidenreich', 'Fabiola Botsford', 'Mireya Mayert', '2021-06-22 11:25:38', '2021-06-22 11:25:38'),
(348, 'Malika Hoeger', 'Mrs. Michaela Wintheiser', 'Mozelle Bauch', '2021-06-22 11:25:38', '2021-06-22 11:25:38'),
(349, 'Brad Lind IV', 'Alison Pollich', 'Mrs. Luz Hand Jr.', '2021-06-22 11:25:38', '2021-06-22 11:25:38'),
(350, 'Mallory Ernser', 'Candelario Jast', 'Dr. Citlalli Kassulke III', '2021-06-22 11:25:38', '2021-06-22 11:25:38'),
(351, 'Mr. Bradly Kilback III', 'Mrs. Esta Kozey PhD', 'Albert Frami', '2021-06-22 11:25:38', '2021-06-22 11:25:38'),
(352, 'Yvonne Monahan', 'Marcelle Adams', 'Janick O\'Conner II', '2021-06-22 11:25:38', '2021-06-22 11:25:38'),
(353, 'Reva Torphy', 'Mr. Demario Reynolds Jr.', 'Libby Greenfelder MD', '2021-06-22 11:25:38', '2021-06-22 11:25:38'),
(354, 'Quinten Kutch', 'Leonor Weimann', 'Mr. Braeden Simonis', '2021-06-22 11:25:38', '2021-06-22 11:25:38'),
(355, 'Dr. Clara Hayes DDS', 'Prof. Terry Borer', 'Dr. Claudia Murazik III', '2021-06-22 11:25:38', '2021-06-22 11:25:38'),
(356, 'Mateo Daugherty', 'Prof. Arnoldo Hauck', 'Manley Schroeder', '2021-06-22 11:25:38', '2021-06-22 11:25:38'),
(357, 'Camilla Wilkinson III', 'Xander Lind', 'Rubye Weber V', '2021-06-22 11:25:38', '2021-06-22 11:25:38'),
(358, 'Dr. Lafayette Bailey', 'Cleo Morissette', 'Hilma Sawayn Sr.', '2021-06-22 11:25:38', '2021-06-22 11:25:38'),
(359, 'Prof. Adalberto Leuschke IV', 'Ressie Wiegand', 'Garland Mueller PhD', '2021-06-22 11:25:38', '2021-06-22 11:25:38'),
(360, 'Dr. Jacinthe Smith', 'Prof. Althea Rosenbaum Jr.', 'Ms. Delta Bode', '2021-06-22 11:25:38', '2021-06-22 11:25:38'),
(361, 'Prof. Sammie Hessel', 'George Haag', 'Bret Trantow', '2021-06-22 11:25:38', '2021-06-22 11:25:38'),
(362, 'Lon Jerde', 'Prof. Ladarius Braun III', 'Dr. Dorris Mills', '2021-06-22 11:25:38', '2021-06-22 11:25:38'),
(363, 'Prof. Colleen Anderson', 'Dr. Caterina Nicolas', 'Urban Volkman MD', '2021-06-22 11:25:38', '2021-06-22 11:25:38'),
(364, 'Chadrick Pouros I', 'Dr. Milton Klocko', 'Ellis Gorczany', '2021-06-22 11:25:38', '2021-06-22 11:25:38'),
(365, 'Roderick Feil', 'Ms. Alycia Walsh PhD', 'Nash Kuphal', '2021-06-22 11:25:38', '2021-06-22 11:25:38'),
(366, 'Ms. Audra Powlowski', 'Briana Harris', 'Lue Witting I', '2021-06-22 11:25:38', '2021-06-22 11:25:38'),
(367, 'Kolby Willms', 'Alva Yost', 'Deondre Ferry', '2021-06-22 11:25:38', '2021-06-22 11:25:38'),
(368, 'Raphael Kunde', 'Ms. Odessa Bailey', 'Paul Koelpin I', '2021-06-22 11:25:38', '2021-06-22 11:25:38'),
(369, 'Miss Faye Kiehn', 'Reymundo McGlynn', 'Alyce Bradtke Sr.', '2021-06-22 11:25:38', '2021-06-22 11:25:38'),
(370, 'Laverne Wisoky DDS', 'Gavin Hoppe', 'Mr. Tyrel Deckow DDS', '2021-06-22 11:25:38', '2021-06-22 11:25:38'),
(371, 'Winifred Heaney', 'Alysson Koepp III', 'Laisha Gottlieb I', '2021-06-22 11:25:38', '2021-06-22 11:25:38'),
(372, 'Sedrick Spencer', 'Mercedes Pfeffer', 'Rachael Pagac', '2021-06-22 11:25:38', '2021-06-22 11:25:38'),
(373, 'Kariane Wolf', 'Emelia O\'Hara', 'Dina Huels', '2021-06-22 11:25:38', '2021-06-22 11:25:38'),
(374, 'Prof. Minnie Lang Sr.', 'Meda Schimmel', 'Garnett Wehner', '2021-06-22 11:25:38', '2021-06-22 11:25:38'),
(375, 'Ms. Whitney Murray II', 'Dr. Jamey Schuster', 'Nettie Bartell', '2021-06-22 11:25:38', '2021-06-22 11:25:38'),
(376, 'Clotilde Kshlerin', 'Ardith Kemmer III', 'Eulah Kshlerin', '2021-06-22 11:25:38', '2021-06-22 11:25:38'),
(377, 'Lacey Schamberger', 'Bell Koelpin PhD', 'Vernie Treutel', '2021-06-22 11:25:38', '2021-06-22 11:25:38'),
(378, 'Prof. Haleigh Kuphal II', 'Veronica Rutherford', 'Cecile Sipes', '2021-06-22 11:25:38', '2021-06-22 11:25:38'),
(379, 'Stanley Zemlak', 'Garrison Heller', 'Melody Osinski V', '2021-06-22 11:25:38', '2021-06-22 11:25:38'),
(380, 'Jesse Wisoky DVM', 'Miss Gladys Koss', 'Dr. Bailey Larkin', '2021-06-22 11:25:38', '2021-06-22 11:25:38'),
(381, 'Zander Cole DVM', 'Jade Oberbrunner MD', 'Dixie Krajcik', '2021-06-22 11:25:38', '2021-06-22 11:25:38'),
(382, 'Carter Dibbert', 'Consuelo Bernier', 'Lavon Gerhold', '2021-06-22 11:25:38', '2021-06-22 11:25:38'),
(383, 'Scottie Schowalter', 'Alyson Windler', 'Prof. Ron Zboncak PhD', '2021-06-22 11:25:38', '2021-06-22 11:25:38'),
(384, 'Zetta Jones', 'Mr. Ludwig Bauch Sr.', 'Anastasia Kovacek', '2021-06-22 11:25:38', '2021-06-22 11:25:38'),
(385, 'Madge O\'Hara', 'Lauriane Skiles', 'Lorna Turcotte', '2021-06-22 11:25:38', '2021-06-22 11:25:38'),
(386, 'Shaniya Little', 'Roger Volkman', 'Ernesto Orn PhD', '2021-06-22 11:25:38', '2021-06-22 11:25:38'),
(387, 'Tyshawn Okuneva', 'Prof. Marty Gleason II', 'Elmore Jacobi', '2021-06-22 11:25:38', '2021-06-22 11:25:38'),
(388, 'Pearline Schowalter V', 'Eve Gislason', 'Dr. Friedrich Dickinson PhD', '2021-06-22 11:25:38', '2021-06-22 11:25:38'),
(389, 'Kaleigh Jakubowski', 'Levi D\'Amore', 'Abbie Heaney', '2021-06-22 11:25:38', '2021-06-22 11:25:38'),
(390, 'Olin Gleason', 'Icie Farrell', 'Ms. Cora Koch Jr.', '2021-06-22 11:25:38', '2021-06-22 11:25:38'),
(391, 'Manuel Wilderman', 'Prof. Pierre Hill', 'Dr. Madyson Cummings', '2021-06-22 11:25:38', '2021-06-22 11:25:38'),
(392, 'Dr. Linnea Fay I', 'Prof. Kacey Glover Sr.', 'Ms. Elna Hill IV', '2021-06-22 11:25:38', '2021-06-22 11:25:38'),
(393, 'Mr. Raheem Bogan', 'Trace Kunde', 'Laury Stehr', '2021-06-22 11:25:38', '2021-06-22 11:25:38'),
(394, 'Marjory Balistreri PhD', 'Kameron Pfeffer MD', 'Vickie Zboncak', '2021-06-22 11:25:38', '2021-06-22 11:25:38'),
(395, 'Prof. Casper Roberts', 'Sidney Jones', 'Mrs. Cindy Herzog V', '2021-06-22 11:25:38', '2021-06-22 11:25:38'),
(396, 'Vergie Rodriguez', 'Joanne Von', 'Dr. Gisselle Von IV', '2021-06-22 11:25:38', '2021-06-22 11:25:38'),
(397, 'Mr. Milo Marquardt', 'Stuart Hane', 'Sarah Runte', '2021-06-22 11:25:38', '2021-06-22 11:25:38'),
(398, 'Sedrick Pollich I', 'Dr. Gonzalo Kohler', 'Mr. Tyreek Spencer PhD', '2021-06-22 11:25:38', '2021-06-22 11:25:38'),
(399, 'Peggie Johns', 'Prof. Raoul Towne', 'Ms. Hope Turcotte', '2021-06-22 11:25:38', '2021-06-22 11:25:38'),
(400, 'Ms. Claudine Lockman V', 'Prof. Cicero Wintheiser', 'Emerson Aufderhar', '2021-06-22 11:25:38', '2021-06-22 11:25:38'),
(401, 'Kara Swaniawski DDS', 'Orville West PhD', 'Raina Reilly', '2021-06-22 11:25:38', '2021-06-22 11:25:38'),
(402, 'Dr. Bridget Cassin II', 'Meagan Jakubowski', 'Hobart Davis', '2021-06-22 11:25:38', '2021-06-22 11:25:38'),
(403, 'Zackery Green', 'Ludie Considine', 'Dorothy Medhurst', '2021-06-22 11:25:38', '2021-06-22 11:25:38'),
(404, 'Gwendolyn Walsh MD', 'Megane Emmerich', 'Dr. Carmella Goyette II', '2021-06-22 11:25:38', '2021-06-22 11:25:38'),
(405, 'Mr. Benedict Ritchie', 'Miss Janessa Ratke III', 'Dr. Russell Rempel Jr.', '2021-06-22 11:25:38', '2021-06-22 11:25:38'),
(406, 'Miss Ophelia Yost DDS', 'Maureen Nicolas', 'Treva O\'Conner', '2021-06-22 11:25:38', '2021-06-22 11:25:38'),
(407, 'Ariane Schulist', 'Dr. Brook Hill', 'Dr. Elda Kshlerin Jr.', '2021-06-22 11:25:38', '2021-06-22 11:25:38'),
(408, 'Mrs. Shyann Kovacek III', 'Dr. Verda Mraz', 'Itzel Fisher', '2021-06-22 11:25:38', '2021-06-22 11:25:38'),
(409, 'Antonette Schimmel I', 'Nat Schneider', 'Dr. Harry Daugherty', '2021-06-22 11:25:38', '2021-06-22 11:25:38'),
(410, 'Ms. Lilla McClure IV', 'Dr. Tyler Pagac MD', 'Delores Bins DDS', '2021-06-22 11:25:38', '2021-06-22 11:25:38'),
(411, 'Nova Eichmann', 'Dr. Kathlyn Dietrich DDS', 'Elenora Reinger PhD', '2021-06-22 11:25:38', '2021-06-22 11:25:38'),
(412, 'Laurianne Ratke', 'Mr. Jarret Ritchie', 'Jayme Lueilwitz', '2021-06-22 11:25:38', '2021-06-22 11:25:38'),
(413, 'Maryjane Veum', 'Prof. Reyes Crist Sr.', 'Axel Heaney', '2021-06-22 11:25:38', '2021-06-22 11:25:38'),
(414, 'Audra Muller', 'Prof. Landen Waelchi', 'Gail Deckow DDS', '2021-06-22 11:25:38', '2021-06-22 11:25:38'),
(415, 'Monica Pagac', 'Wallace Considine III', 'Dr. Albin Morissette IV', '2021-06-22 11:25:38', '2021-06-22 11:25:38'),
(416, 'Mafalda Nader', 'Lily Dicki V', 'Owen Kub', '2021-06-22 11:25:38', '2021-06-22 11:25:38'),
(417, 'Hal Skiles', 'Dr. Jon Gulgowski MD', 'Dion Jast Sr.', '2021-06-22 11:25:38', '2021-06-22 11:25:38'),
(418, 'Miss Leola Thiel II', 'Sarah Rice', 'Sidney Sporer', '2021-06-22 11:25:38', '2021-06-22 11:25:38'),
(419, 'Maryse Lueilwitz', 'Ron Thompson', 'Dr. Jakayla Hodkiewicz', '2021-06-22 11:25:38', '2021-06-22 11:25:38'),
(420, 'Miss Maya Weimann', 'Joshua Stamm MD', 'Name Lakin', '2021-06-22 11:25:38', '2021-06-22 11:25:38'),
(421, 'Janick Lindgren', 'Opal Wyman', 'Hailie Turner', '2021-06-22 11:25:38', '2021-06-22 11:25:38'),
(422, 'Annetta Runte', 'Imogene Russel II', 'Camylle Mitchell', '2021-06-22 11:25:38', '2021-06-22 11:25:38'),
(423, 'Shanie Howe', 'Skye Tromp', 'Cyril Nolan', '2021-06-22 11:25:38', '2021-06-22 11:25:38'),
(424, 'Kenny Thiel', 'Taurean Collins', 'Abraham Champlin', '2021-06-22 11:25:38', '2021-06-22 11:25:38'),
(425, 'Prof. Conor Bartoletti', 'Humberto Hahn', 'Catalina Treutel', '2021-06-22 11:25:38', '2021-06-22 11:25:38'),
(426, 'Gunner Collier', 'Sid Considine', 'Rodger Flatley', '2021-06-22 11:25:38', '2021-06-22 11:25:38'),
(427, 'Evelyn Weissnat', 'May Runte MD', 'Paul Streich', '2021-06-22 11:25:38', '2021-06-22 11:25:38'),
(428, 'Abbie Mraz', 'Adolph Cruickshank', 'Florine Watsica', '2021-06-22 11:25:38', '2021-06-22 11:25:38'),
(429, 'Dr. Eli Kirlin', 'Jovany Collier III', 'Lulu Ledner', '2021-06-22 11:25:38', '2021-06-22 11:25:38'),
(430, 'Blake Bartoletti', 'Lynn Lynch', 'Magali Doyle', '2021-06-22 11:25:38', '2021-06-22 11:25:38'),
(431, 'Jean Pouros', 'Easton Bergstrom', 'Luis Gerlach', '2021-06-22 11:25:38', '2021-06-22 11:25:38'),
(432, 'Dr. Brock Bernier IV', 'Camille Fahey', 'Shanon Luettgen', '2021-06-22 11:25:38', '2021-06-22 11:25:38'),
(433, 'Jolie Crist', 'Roscoe Cormier', 'Jonathon Turcotte V', '2021-06-22 11:25:38', '2021-06-22 11:25:38'),
(434, 'Derek McDermott', 'Arthur Armstrong II', 'Lorna Kuhlman', '2021-06-22 11:25:38', '2021-06-22 11:25:38'),
(435, 'Leland Runolfsdottir', 'Prof. Rusty Sanford II', 'Bria Ankunding', '2021-06-22 11:25:38', '2021-06-22 11:25:38'),
(436, 'Miss Gerda Lynch DDS', 'Prof. Mavis Friesen MD', 'Dr. Erik Conn', '2021-06-22 11:25:38', '2021-06-22 11:25:38'),
(437, 'Dr. Elliot West', 'Francesco Paucek PhD', 'Zackery Kunde', '2021-06-22 11:25:38', '2021-06-22 11:25:38'),
(438, 'Tyrique Prohaska', 'Ms. Maddison Beier', 'Aglae Witting', '2021-06-22 11:25:38', '2021-06-22 11:25:38'),
(439, 'Nakia Wiegand', 'Gwendolyn Conn DVM', 'Selena Prosacco', '2021-06-22 11:25:38', '2021-06-22 11:25:38'),
(440, 'Ms. Anna Zboncak', 'Miss Dolores Murray', 'Jay Block MD', '2021-06-22 11:25:38', '2021-06-22 11:25:38'),
(441, 'Presley Fay', 'Ismael Hintz', 'Mr. Wilford Mante', '2021-06-22 11:25:38', '2021-06-22 11:25:38'),
(442, 'Marty Smith', 'Sherwood Muller', 'Ms. Della Rau MD', '2021-06-22 11:25:38', '2021-06-22 11:25:38'),
(443, 'Wilford Bosco IV', 'Pansy Willms', 'Joesph Stiedemann', '2021-06-22 11:25:38', '2021-06-22 11:25:38'),
(444, 'Tatum Boehm', 'Yasmeen Leannon', 'Natalia Ortiz', '2021-06-22 11:25:38', '2021-06-22 11:25:38'),
(445, 'Eryn Lowe', 'Dr. Davion Hegmann III', 'Dena Roob', '2021-06-22 11:25:38', '2021-06-22 11:25:38'),
(446, 'Prof. Graciela Aufderhar PhD', 'Maryse Jacobi', 'Efrain Terry Sr.', '2021-06-22 11:25:38', '2021-06-22 11:25:38'),
(447, 'Rusty Hudson V', 'Josue Walter V', 'Delia Treutel', '2021-06-22 11:25:38', '2021-06-22 11:25:38'),
(448, 'Beryl Lueilwitz III', 'Estrella Christiansen', 'Mr. Isidro Auer', '2021-06-22 11:25:38', '2021-06-22 11:25:38'),
(449, 'Elias Christiansen', 'Alicia Littel', 'Riley Upton', '2021-06-22 11:25:38', '2021-06-22 11:25:38'),
(450, 'Jadyn Reilly', 'Marshall Lockman', 'Domenick Davis', '2021-06-22 11:25:38', '2021-06-22 11:25:38'),
(451, 'Rebeka Johnston', 'Autumn Nolan', 'Alejandra Schimmel', '2021-06-22 11:25:38', '2021-06-22 11:25:38'),
(452, 'Ana Hagenes', 'London Doyle', 'Sydni Huels III', '2021-06-22 11:25:38', '2021-06-22 11:25:38'),
(453, 'Leilani Harris', 'Tremayne Hodkiewicz', 'Florian Huels', '2021-06-22 11:25:38', '2021-06-22 11:25:38'),
(454, 'Ariel Balistreri Sr.', 'Keith Ritchie DDS', 'Adela Stiedemann', '2021-06-22 11:25:38', '2021-06-22 11:25:38');
INSERT INTO `posts` (`id`, `title`, `body`, `email`, `created_at`, `updated_at`) VALUES
(455, 'Ubaldo Torphy', 'Glenna Renner DDS', 'Claudia Heller', '2021-06-22 11:25:38', '2021-06-22 11:25:38'),
(456, 'Dr. Daphnee Hudson IV', 'Ms. Sheila Connelly V', 'Mr. Ernesto Schamberger DVM', '2021-06-22 11:25:38', '2021-06-22 11:25:38'),
(457, 'Patience Turcotte DDS', 'Corine Hahn', 'Dashawn Tromp I', '2021-06-22 11:25:38', '2021-06-22 11:25:38'),
(458, 'Ms. Delpha Ferry Jr.', 'Brenna Koelpin', 'Gerardo Kirlin', '2021-06-22 11:25:38', '2021-06-22 11:25:38'),
(459, 'Prof. Logan Heaney', 'Deborah Beahan', 'Raheem Ferry', '2021-06-22 11:25:38', '2021-06-22 11:25:38'),
(460, 'Ethan Boyer', 'Laisha Weissnat', 'Gay Breitenberg', '2021-06-22 11:25:38', '2021-06-22 11:25:38'),
(461, 'Jermain Bashirian', 'Alysha Romaguera', 'Jamaal Upton', '2021-06-22 11:25:38', '2021-06-22 11:25:38'),
(462, 'Doyle Marks DVM', 'Tavares Jast', 'Hal Eichmann', '2021-06-22 11:25:38', '2021-06-22 11:25:38'),
(463, 'Dr. Darian Green V', 'Heloise Hoeger', 'Dr. Justyn Thompson', '2021-06-22 11:25:38', '2021-06-22 11:25:38'),
(464, 'Freddie Zboncak', 'Prof. Joanny Metz', 'Beryl Stanton', '2021-06-22 11:25:38', '2021-06-22 11:25:38'),
(465, 'Lisa Bechtelar', 'Toby Wisoky', 'Gennaro Lebsack', '2021-06-22 11:25:38', '2021-06-22 11:25:38'),
(466, 'Mateo Nolan', 'Germaine Ortiz', 'Oleta Blick II', '2021-06-22 11:25:38', '2021-06-22 11:25:38'),
(467, 'Savannah Hettinger', 'Mazie Pagac DVM', 'Marcelina Kihn', '2021-06-22 11:25:38', '2021-06-22 11:25:38'),
(468, 'Ms. Scarlett Murray II', 'Candice Reichert', 'Ms. Georgiana Flatley', '2021-06-22 11:25:38', '2021-06-22 11:25:38'),
(469, 'Mrs. Leatha Emmerich', 'Prof. Celestino Renner', 'Dr. Larry Bahringer PhD', '2021-06-22 11:25:38', '2021-06-22 11:25:38'),
(470, 'Prof. Nathan Marks', 'Eliza Nolan', 'Delilah Altenwerth', '2021-06-22 11:25:38', '2021-06-22 11:25:38'),
(471, 'August Osinski', 'Alanna Larkin', 'Mark Herman', '2021-06-22 11:25:38', '2021-06-22 11:25:38'),
(472, 'Antonetta Zieme Jr.', 'Dejon Krajcik', 'Cassandre Greenholt', '2021-06-22 11:25:38', '2021-06-22 11:25:38'),
(473, 'Hildegard Lakin I', 'Candace Lynch', 'Prof. Yessenia Lang', '2021-06-22 11:25:38', '2021-06-22 11:25:38'),
(474, 'Joey Mosciski', 'Herminia Collins', 'Carmine Keebler', '2021-06-22 11:25:38', '2021-06-22 11:25:38'),
(475, 'Mathew Reynolds IV', 'Alice Bogan V', 'Belle Brakus V', '2021-06-22 11:25:38', '2021-06-22 11:25:38'),
(476, 'Name Stoltenberg', 'Paige Thiel', 'Mark Orn', '2021-06-22 11:25:38', '2021-06-22 11:25:38'),
(477, 'Sandy Harber', 'Joanny Kling', 'Dr. Virginia Murphy III', '2021-06-22 11:25:38', '2021-06-22 11:25:38'),
(478, 'Cristal Schimmel', 'Harry Grant', 'Clotilde Heller', '2021-06-22 11:25:38', '2021-06-22 11:25:38'),
(479, 'Alek Hirthe', 'Laisha Schuster', 'Ernesto O\'Kon DVM', '2021-06-22 11:25:38', '2021-06-22 11:25:38'),
(480, 'Dr. Trever Lueilwitz IV', 'Andrew Tromp', 'Dr. Mathew Greenfelder', '2021-06-22 11:25:38', '2021-06-22 11:25:38'),
(481, 'Ferne Grant', 'Kirstin Barrows', 'Camylle Towne', '2021-06-22 11:25:38', '2021-06-22 11:25:38'),
(482, 'Prof. Lloyd McClure III', 'Willard Turner', 'Prof. Lina Blanda I', '2021-06-22 11:25:38', '2021-06-22 11:25:38'),
(483, 'Darius Lemke', 'Janelle Schumm', 'Andreanne Tromp', '2021-06-22 11:25:38', '2021-06-22 11:25:38'),
(484, 'Braeden Kub', 'Fidel Pollich Sr.', 'Constantin Barrows', '2021-06-22 11:25:38', '2021-06-22 11:25:38'),
(485, 'Greg Swift', 'Mortimer Lehner', 'Lelah Simonis', '2021-06-22 11:25:38', '2021-06-22 11:25:38'),
(486, 'Verlie Larkin', 'Kameron Heller', 'Prof. Dawn Schamberger I', '2021-06-22 11:25:38', '2021-06-22 11:25:38'),
(487, 'Willard Hill', 'Prof. Jayde Green III', 'Daron Sporer', '2021-06-22 11:25:38', '2021-06-22 11:25:38'),
(488, 'Darby Jacobson', 'Queen Quigley', 'Magdalena Stiedemann', '2021-06-22 11:25:38', '2021-06-22 11:25:38'),
(489, 'Gene Wiegand', 'Providenci Waters', 'Norbert Torphy', '2021-06-22 11:25:38', '2021-06-22 11:25:38'),
(490, 'Elena Senger', 'Darren Sanford', 'Daniella Wiza', '2021-06-22 11:25:38', '2021-06-22 11:25:38'),
(491, 'Miss Jennie Smitham', 'Miss Euna Rodriguez Sr.', 'Dr. Durward McCullough Jr.', '2021-06-22 11:25:38', '2021-06-22 11:25:38'),
(492, 'Miss Nicole Wintheiser', 'Jadyn Keeling', 'Thora Bailey', '2021-06-22 11:25:38', '2021-06-22 11:25:38'),
(493, 'Verna Terry', 'Aylin Botsford', 'Sammie Cummings', '2021-06-22 11:25:38', '2021-06-22 11:25:38'),
(494, 'Miss Margaretta O\'Hara', 'Malcolm Kuhlman Jr.', 'Clay Thompson', '2021-06-22 11:25:38', '2021-06-22 11:25:38'),
(495, 'Maryjane Durgan', 'Raleigh DuBuque', 'Arlie Ziemann IV', '2021-06-22 11:25:38', '2021-06-22 11:25:38'),
(496, 'Ms. Verona Breitenberg II', 'Shayna Lockman', 'Dr. Anabelle Huels', '2021-06-22 11:25:38', '2021-06-22 11:25:38'),
(497, 'Prof. Stefan Sporer DVM', 'Yasmeen Donnelly', 'Forrest Keebler', '2021-06-22 11:25:38', '2021-06-22 11:25:38'),
(498, 'Deon Gottlieb V', 'Gordon Kertzmann', 'Prof. Imani Botsford II', '2021-06-22 11:25:38', '2021-06-22 11:25:38'),
(499, 'Diana Wiegand', 'Mrs. Eleanore Anderson', 'Sallie Leffler', '2021-06-22 11:25:38', '2021-06-22 11:25:38'),
(500, 'Nathanael Hermann', 'Prof. Scot Olson III', 'Prof. Jerald Considine II', '2021-06-22 11:25:38', '2021-06-22 11:25:38'),
(501, 'Hudson Wolf', 'Carley Runte PhD', 'Prof. Jack Watsica', '2021-06-22 11:25:38', '2021-06-22 11:25:38'),
(502, 'Kaylee Altenwerth IV', 'Dr. Jacey Walker DDS', 'Melba Carroll', '2021-06-22 11:25:38', '2021-06-22 11:25:38'),
(503, 'Brando Halvorson', 'Bettye Roberts DDS', 'Elian Maggio', '2021-06-22 11:25:38', '2021-06-22 11:25:38'),
(504, 'Jazlyn Heller V', 'Ms. Maybelle Legros', 'Christelle Fisher', '2021-06-22 11:25:38', '2021-06-22 11:25:38'),
(505, 'Herminia Harris', 'Lynn Beahan', 'Mrs. Claudie Hermiston', '2021-06-22 11:25:38', '2021-06-22 11:25:38'),
(506, 'Terrance Hyatt MD', 'Alexie Cronin', 'Bella Kris', '2021-06-22 11:25:38', '2021-06-22 11:25:38'),
(507, 'Gina Shields', 'Prof. Ressie Kovacek Jr.', 'Mrs. Melyna Steuber', '2021-06-22 11:25:38', '2021-06-22 11:25:38'),
(508, 'Jailyn Medhurst V', 'Prof. Adam Hackett II', 'Stephanie Donnelly', '2021-06-22 11:25:38', '2021-06-22 11:25:38'),
(509, 'Adrain Mohr', 'Mrs. Karli Harber', 'Forrest Torphy', '2021-06-22 11:25:38', '2021-06-22 11:25:38'),
(510, 'Dorcas Thiel V', 'Emile Mosciski PhD', 'Okey Kreiger', '2021-06-22 11:25:38', '2021-06-22 11:25:38'),
(511, 'Kaya Hermann', 'Elvie Mills', 'Mariela Schiller', '2021-06-22 11:25:38', '2021-06-22 11:25:38'),
(512, 'Linnie Kertzmann', 'Ms. Adelle VonRueden PhD', 'Mr. Freddie Bradtke', '2021-06-22 11:25:38', '2021-06-22 11:25:38'),
(513, 'Emil Marvin', 'Prof. Clint Kassulke', 'Mrs. Viola White', '2021-06-22 11:25:38', '2021-06-22 11:25:38'),
(514, 'Mr. Carleton Fadel DVM', 'Dr. Elody Wolff Sr.', 'Mr. Fredrick Adams', '2021-06-22 11:25:38', '2021-06-22 11:25:38'),
(515, 'Ms. Stacey Friesen PhD', 'Dr. Freeman Kiehn', 'Magali Dooley', '2021-06-22 11:25:38', '2021-06-22 11:25:38'),
(516, 'Hillary Frami', 'Felicity Collins', 'Mr. Green Bernhard III', '2021-06-22 11:25:38', '2021-06-22 11:25:38'),
(517, 'Prof. Miller Larkin Sr.', 'Mrs. Amaya Conroy PhD', 'Yasmine Lang', '2021-06-22 11:25:38', '2021-06-22 11:25:38'),
(518, 'Mrs. Ardith O\'Kon', 'Freda Hill IV', 'Mr. Jedediah Feeney', '2021-06-22 11:25:38', '2021-06-22 11:25:38'),
(519, 'Ida Stoltenberg', 'Miss Eldridge Gerlach IV', 'Isaias Heidenreich', '2021-06-22 11:25:38', '2021-06-22 11:25:38'),
(520, 'Whitney Wolff', 'Mr. Jonas Reilly', 'Rex Predovic', '2021-06-22 11:25:38', '2021-06-22 11:25:38'),
(521, 'Prof. Easter Brakus V', 'Gregg Armstrong', 'Prof. Bette Bode III', '2021-06-22 11:25:38', '2021-06-22 11:25:38'),
(522, 'Isom Hamill DVM', 'Kip Konopelski', 'Miss Trisha Larkin V', '2021-06-22 11:25:38', '2021-06-22 11:25:38'),
(523, 'Maverick Carter PhD', 'Hans Roberts', 'Naomi Hickle', '2021-06-22 11:25:38', '2021-06-22 11:25:38'),
(524, 'Dr. Johann Hessel DVM', 'Orpha Dicki', 'Jarrett Koelpin PhD', '2021-06-22 11:25:38', '2021-06-22 11:25:38'),
(525, 'Annette Hill', 'Candida Robel', 'Ricky Raynor V', '2021-06-22 11:25:38', '2021-06-22 11:25:38'),
(526, 'Polly Stracke', 'Mrs. Fleta Rosenbaum Jr.', 'Will Leffler DVM', '2021-06-22 11:25:38', '2021-06-22 11:25:38'),
(527, 'Bridie Terry', 'Easton Friesen', 'Javonte Walker', '2021-06-22 11:25:38', '2021-06-22 11:25:38'),
(528, 'Dr. Bryce Wiza Sr.', 'Vesta Hills', 'Loy Graham', '2021-06-22 11:25:38', '2021-06-22 11:25:38'),
(529, 'Miss Serena Weimann', 'Mr. Riley Collins', 'Dr. Porter Willms PhD', '2021-06-22 11:25:38', '2021-06-22 11:25:38'),
(530, 'Skye Jacobi', 'Carlos Hickle', 'Jimmie Ullrich', '2021-06-22 11:25:38', '2021-06-22 11:25:38'),
(531, 'Monte Hirthe', 'Evert Hackett', 'Leonie Veum', '2021-06-22 11:25:38', '2021-06-22 11:25:38'),
(532, 'Evans Smitham', 'Christina Bradtke', 'Mr. Enid Becker', '2021-06-22 11:25:38', '2021-06-22 11:25:38'),
(533, 'Jana Baumbach', 'Kavon Rau', 'Kathryn Walsh', '2021-06-22 11:25:38', '2021-06-22 11:25:38'),
(534, 'Maryjane Fay', 'Alena Pfeffer I', 'Jamey Hodkiewicz I', '2021-06-22 11:25:38', '2021-06-22 11:25:38'),
(535, 'Kenyatta McLaughlin', 'Raoul Yundt I', 'Ms. Vincenza Kub MD', '2021-06-22 11:25:38', '2021-06-22 11:25:38'),
(536, 'Humberto Glover Sr.', 'Linnie Kertzmann', 'Ms. Beatrice Brakus III', '2021-06-22 11:25:38', '2021-06-22 11:25:38'),
(537, 'Ilene Rempel', 'Rossie Pfannerstill', 'Jonatan Rowe', '2021-06-22 11:25:38', '2021-06-22 11:25:38'),
(538, 'Dawn Sanford', 'Samara Reichert', 'Cletus Wintheiser', '2021-06-22 11:25:38', '2021-06-22 11:25:38'),
(539, 'Rosemarie Kuphal', 'Mr. Jeffry Rodriguez', 'Mr. Ewald Thompson IV', '2021-06-22 11:25:38', '2021-06-22 11:25:38'),
(540, 'Fanny Pollich', 'Nia Waters', 'Roslyn Maggio', '2021-06-22 11:25:38', '2021-06-22 11:25:38'),
(541, 'Reymundo Heaney', 'Hazel Kreiger', 'Dr. Thalia Jacobson', '2021-06-22 11:25:38', '2021-06-22 11:25:38'),
(542, 'Prof. Hans Koch I', 'Clare Ziemann', 'Mr. Alphonso Considine III', '2021-06-22 11:25:38', '2021-06-22 11:25:38'),
(543, 'Mrs. Kallie Powlowski', 'Prof. Bell Braun V', 'Rogers Halvorson', '2021-06-22 11:25:38', '2021-06-22 11:25:38'),
(544, 'Winston Dach PhD', 'Francisco Swift', 'Luna Jacobson', '2021-06-22 11:25:38', '2021-06-22 11:25:38'),
(545, 'Mauricio Robel', 'Alden Casper', 'Prof. Letha Jakubowski', '2021-06-22 11:25:38', '2021-06-22 11:25:38'),
(546, 'Edison Cremin', 'Mellie Boehm PhD', 'Dr. Thurman Pouros', '2021-06-22 11:25:38', '2021-06-22 11:25:38'),
(547, 'Miss Beulah Graham', 'Jairo Schaefer', 'Judah Armstrong', '2021-06-22 11:25:38', '2021-06-22 11:25:38'),
(548, 'Hester Dickens', 'Dr. Mia Grimes', 'Prof. Randall Zemlak MD', '2021-06-22 11:25:38', '2021-06-22 11:25:38'),
(549, 'Kim Stark IV', 'Cleve Reichert', 'Woodrow Swift', '2021-06-22 11:25:38', '2021-06-22 11:25:38'),
(550, 'Chasity Walter', 'Helga Eichmann', 'Gwendolyn Leannon V', '2021-06-22 11:25:38', '2021-06-22 11:25:38'),
(551, 'Dr. Fausto Yundt', 'Mr. Hector Wyman IV', 'Tatyana Collier', '2021-06-22 11:25:38', '2021-06-22 11:25:38'),
(552, 'Beverly Kuvalis', 'Consuelo Blanda', 'Ms. Margaretta Kutch', '2021-06-22 11:25:38', '2021-06-22 11:25:38'),
(553, 'Prof. Art Adams MD', 'Delaney Konopelski V', 'Dale Romaguera', '2021-06-22 11:25:38', '2021-06-22 11:25:38'),
(554, 'Sam Beier', 'Zoe Heidenreich', 'Prof. Dagmar Green II', '2021-06-22 11:25:38', '2021-06-22 11:25:38'),
(555, 'Wilhelmine Beahan IV', 'Makenna Sipes DVM', 'Theo Kovacek', '2021-06-22 11:25:38', '2021-06-22 11:25:38'),
(556, 'Dr. Deanna Borer MD', 'Tyreek Morissette', 'Laurel Okuneva Sr.', '2021-06-22 11:25:38', '2021-06-22 11:25:38'),
(557, 'Sarai Vandervort', 'Mrs. Kaya Goodwin V', 'Benton Feil Sr.', '2021-06-22 11:25:38', '2021-06-22 11:25:38'),
(558, 'Roxane Bernier', 'Columbus Runolfsdottir PhD', 'Dr. Danyka Ryan I', '2021-06-22 11:25:38', '2021-06-22 11:25:38'),
(559, 'Reyes Effertz', 'Vena Konopelski', 'Ms. Jennifer Bradtke PhD', '2021-06-22 11:25:38', '2021-06-22 11:25:38'),
(560, 'Marjory Luettgen', 'Sydney Smitham', 'Niko Schmidt', '2021-06-22 11:25:38', '2021-06-22 11:25:38'),
(561, 'Prof. Dawson Mills I', 'Buster McDermott IV', 'Morgan Von', '2021-06-22 11:25:38', '2021-06-22 11:25:38'),
(562, 'Justina Connelly', 'Mr. Triston Crist DDS', 'Jacques Bauch', '2021-06-22 11:25:38', '2021-06-22 11:25:38'),
(563, 'Tatyana Durgan', 'Marcos Windler DVM', 'Ardith Kling', '2021-06-22 11:25:38', '2021-06-22 11:25:38'),
(564, 'Noemie Carroll', 'Myriam Frami II', 'Prof. Hallie Nader', '2021-06-22 11:25:38', '2021-06-22 11:25:38'),
(565, 'Maude Harber', 'Maxie Bogan', 'Shaina Fadel', '2021-06-22 11:25:38', '2021-06-22 11:25:38'),
(566, 'Waylon Spinka', 'Alden Grant', 'Aisha Shields', '2021-06-22 11:25:38', '2021-06-22 11:25:38'),
(567, 'Judd Jast Jr.', 'Abner Lesch', 'Prof. Kira Kilback', '2021-06-22 11:25:38', '2021-06-22 11:25:38'),
(568, 'Treva Dicki', 'Dr. Devan Ziemann', 'Prof. Ansley Pfannerstill DVM', '2021-06-22 11:25:38', '2021-06-22 11:25:38'),
(569, 'Prof. Bobby Yundt Jr.', 'Mr. Jerel Wilderman II', 'Amelie Hamill I', '2021-06-22 11:25:38', '2021-06-22 11:25:38'),
(570, 'Dr. Anya Balistreri V', 'Lavada Will IV', 'Miss Astrid Schulist', '2021-06-22 11:25:38', '2021-06-22 11:25:38'),
(571, 'Eunice Heller', 'Zoe Stokes', 'Dr. Elisha Shields', '2021-06-22 11:25:38', '2021-06-22 11:25:38'),
(572, 'Vickie Schmidt', 'Willow Yost', 'Paula Mitchell', '2021-06-22 11:25:38', '2021-06-22 11:25:38'),
(573, 'Hortense White', 'Alexis Daniel', 'Eleanora Bailey III', '2021-06-22 11:25:38', '2021-06-22 11:25:38'),
(574, 'Arvilla Murazik', 'Mr. John Berge DDS', 'Hazel Anderson', '2021-06-22 11:25:38', '2021-06-22 11:25:38'),
(575, 'Dr. Justina Mante V', 'Bobby Crooks DVM', 'Dr. Glenna Green', '2021-06-22 11:25:38', '2021-06-22 11:25:38'),
(576, 'Dr. Hayden Kertzmann', 'Roger Larson', 'Verdie Fisher', '2021-06-22 11:25:38', '2021-06-22 11:25:38'),
(577, 'Evelyn Mraz', 'Ashton Lueilwitz', 'Prof. Lawson Rippin I', '2021-06-22 11:25:38', '2021-06-22 11:25:38'),
(578, 'Dr. Floy Beahan', 'Mr. Angelo Deckow Sr.', 'Prof. Luther Nader', '2021-06-22 11:25:38', '2021-06-22 11:25:38'),
(579, 'Prof. Price Crooks', 'Prof. Mitchell Satterfield', 'Prof. Shaina Haley', '2021-06-22 11:25:38', '2021-06-22 11:25:38'),
(580, 'Chaya Sipes', 'Presley Okuneva', 'Jamil Effertz', '2021-06-22 11:25:38', '2021-06-22 11:25:38'),
(581, 'Cesar Lueilwitz', 'Dr. Sammy Spencer', 'Tyrell Harber', '2021-06-22 11:25:38', '2021-06-22 11:25:38'),
(582, 'Kyla Heathcote', 'Dianna Gottlieb', 'Miss Reba Smitham', '2021-06-22 11:25:38', '2021-06-22 11:25:38'),
(583, 'Dr. Logan McGlynn DDS', 'Annetta Balistreri Sr.', 'Jasmin Bauch', '2021-06-22 11:25:38', '2021-06-22 11:25:38'),
(584, 'Christophe Hirthe', 'Prof. Dante Nolan', 'Juwan Hoeger', '2021-06-22 11:25:38', '2021-06-22 11:25:38'),
(585, 'Darrel Bogan', 'Lempi Raynor', 'Dr. Evan Rau', '2021-06-22 11:25:38', '2021-06-22 11:25:38'),
(586, 'Sylvan Denesik', 'Dr. Quincy Mayer', 'Stevie Wisoky', '2021-06-22 11:25:38', '2021-06-22 11:25:38'),
(587, 'Rolando Hyatt', 'Dr. Belle Gorczany DDS', 'Audra Wilderman', '2021-06-22 11:25:38', '2021-06-22 11:25:38'),
(588, 'Raina McCullough', 'Jordon Mante', 'Sigurd Goldner', '2021-06-22 11:25:38', '2021-06-22 11:25:38'),
(589, 'Miss Zita Stehr DDS', 'Prof. Celine Schneider', 'Susana Littel', '2021-06-22 11:25:38', '2021-06-22 11:25:38'),
(590, 'Dr. Eloisa Rice PhD', 'Mr. Roger Jacobson DVM', 'Rahul Huel Jr.', '2021-06-22 11:25:38', '2021-06-22 11:25:38'),
(591, 'Freida Cremin', 'Mr. Linwood Stokes PhD', 'Helena Gusikowski PhD', '2021-06-22 11:25:38', '2021-06-22 11:25:38'),
(592, 'Miss Bessie Howell', 'Kaitlin King', 'Karlee Kilback', '2021-06-22 11:25:38', '2021-06-22 11:25:38'),
(593, 'Lamar Zieme', 'Jovany Runolfsdottir Jr.', 'Annalise Erdman', '2021-06-22 11:25:38', '2021-06-22 11:25:38'),
(594, 'Dr. Freddie Dietrich DDS', 'Prof. Bernie Metz', 'Frederick Lindgren', '2021-06-22 11:25:38', '2021-06-22 11:25:38'),
(595, 'Denis Kris', 'Agustina Torphy', 'Colt Feeney', '2021-06-22 11:25:38', '2021-06-22 11:25:38'),
(596, 'Fred Hane', 'Kip Terry', 'Loma Gusikowski', '2021-06-22 11:25:38', '2021-06-22 11:25:38'),
(597, 'Mr. Damien Daniel', 'Clarissa Trantow', 'Emilia Turner', '2021-06-22 11:25:38', '2021-06-22 11:25:38'),
(598, 'Michaela Grady', 'Hildegard Dibbert', 'Izabella Hammes', '2021-06-22 11:25:38', '2021-06-22 11:25:38'),
(599, 'Loma Hackett', 'Clifford Goldner', 'Mrs. Zelma Cronin', '2021-06-22 11:25:38', '2021-06-22 11:25:38'),
(600, 'Dr. Keanu Fisher I', 'Whitney Thiel', 'Dr. Aracely Wiza III', '2021-06-22 11:25:38', '2021-06-22 11:25:38'),
(601, 'Dr. Emmie McCullough IV', 'Bennett Mertz', 'Minnie Baumbach', '2021-06-22 11:25:38', '2021-06-22 11:25:38'),
(602, 'Prof. Bailee Boehm V', 'Clemens Lindgren', 'Prof. Dariana Bode', '2021-06-22 11:25:38', '2021-06-22 11:25:38'),
(603, 'Prof. Elroy Zulauf MD', 'Mrs. Elouise Bednar', 'Ms. Lexi Waters', '2021-06-22 11:25:38', '2021-06-22 11:25:38'),
(604, 'Mrs. Lexi Lubowitz PhD', 'Romaine Langosh', 'Mr. Dan O\'Kon', '2021-06-22 11:25:38', '2021-06-22 11:25:38'),
(605, 'Prof. Adell Erdman', 'Mr. Adolf Johnston', 'Nelda Schaden Sr.', '2021-06-22 11:25:38', '2021-06-22 11:25:38'),
(606, 'Dr. Kade Bradtke Jr.', 'Lavonne Kautzer', 'Floyd Hermiston', '2021-06-22 11:25:38', '2021-06-22 11:25:38'),
(607, 'Lelia Kirlin', 'Maybelle Prosacco', 'Travon Wilderman', '2021-06-22 11:25:38', '2021-06-22 11:25:38'),
(608, 'Dr. Shyann Heidenreich', 'Demetris Monahan', 'Obie Hammes', '2021-06-22 11:25:38', '2021-06-22 11:25:38'),
(609, 'Dr. Jeramy Moen', 'Lonny Heathcote', 'Dallin Morar', '2021-06-22 11:25:38', '2021-06-22 11:25:38'),
(610, 'Prof. Quentin Kilback', 'Mr. Sammie Maggio DVM', 'Mrs. Duane Parker', '2021-06-22 11:25:38', '2021-06-22 11:25:38'),
(611, 'Vicky Sauer', 'Nathaniel Collier I', 'Prof. Salma Collins', '2021-06-22 11:25:38', '2021-06-22 11:25:38'),
(612, 'Keara Murray', 'Elsa Gutkowski', 'Miss Adella Ritchie', '2021-06-22 11:25:38', '2021-06-22 11:25:38'),
(613, 'Marietta Osinski Jr.', 'Margot Luettgen', 'Loraine Baumbach', '2021-06-22 11:25:38', '2021-06-22 11:25:38'),
(614, 'Miss Verdie Schaden Sr.', 'Lincoln Halvorson', 'Patsy Bode Sr.', '2021-06-22 11:25:38', '2021-06-22 11:25:38'),
(615, 'Keegan Klocko', 'Miss Maximillia Bernier I', 'Malcolm Pagac', '2021-06-22 11:25:38', '2021-06-22 11:25:38'),
(616, 'Mrs. Tianna Block', 'Allen Reynolds', 'Prof. Vince Luettgen', '2021-06-22 11:25:38', '2021-06-22 11:25:38'),
(617, 'Marta Stokes', 'Brant Kerluke', 'Prof. Assunta Koss', '2021-06-22 11:25:38', '2021-06-22 11:25:38'),
(618, 'Kenton Roberts', 'Hal Block', 'Trinity Price II', '2021-06-22 11:25:38', '2021-06-22 11:25:38'),
(619, 'Kellen Hills', 'Kelley Kessler', 'Chloe Breitenberg', '2021-06-22 11:25:38', '2021-06-22 11:25:38'),
(620, 'Lelia Lehner', 'Ericka Bahringer', 'Isobel O\'Kon I', '2021-06-22 11:25:38', '2021-06-22 11:25:38'),
(621, 'Marilie Toy Jr.', 'Ms. Lexie Doyle DVM', 'Clifford Turcotte', '2021-06-22 11:25:38', '2021-06-22 11:25:38'),
(622, 'Kaci Mosciski', 'Tate Klein DDS', 'Miss Jodie Kiehn Sr.', '2021-06-22 11:25:38', '2021-06-22 11:25:38'),
(623, 'Harvey Glover', 'Ernestine Hintz', 'Mrs. Heaven Collins', '2021-06-22 11:25:38', '2021-06-22 11:25:38'),
(624, 'Devon Goyette', 'Dr. Hanna Hettinger DDS', 'Ashlynn Berge', '2021-06-22 11:25:38', '2021-06-22 11:25:38'),
(625, 'Chaz Hartmann', 'Antoinette Goldner', 'Cecilia Renner', '2021-06-22 11:25:38', '2021-06-22 11:25:38'),
(626, 'Prof. Duncan Gutkowski II', 'Maximillia Morar', 'Shea Greenholt', '2021-06-22 11:25:38', '2021-06-22 11:25:38'),
(627, 'Dr. Giovanni Hessel DVM', 'Kira Grant', 'Marcellus Beahan', '2021-06-22 11:25:38', '2021-06-22 11:25:38'),
(628, 'Prof. Harold Stiedemann', 'Mr. Kyleigh Rohan', 'Blanche Hintz', '2021-06-22 11:25:38', '2021-06-22 11:25:38'),
(629, 'Israel Swaniawski', 'Vickie Hayes', 'Georgiana Dibbert', '2021-06-22 11:25:38', '2021-06-22 11:25:38'),
(630, 'Ms. Carlee Koss PhD', 'Ludwig Kertzmann', 'Derek Olson', '2021-06-22 11:25:38', '2021-06-22 11:25:38'),
(631, 'Mr. Zander Jast', 'Vesta Blick', 'Dr. Cecilia Grady DDS', '2021-06-22 11:25:38', '2021-06-22 11:25:38'),
(632, 'Trevor Kuhn', 'Bernice O\'Hara', 'Dr. Devin Rutherford', '2021-06-22 11:25:38', '2021-06-22 11:25:38'),
(633, 'Elmore Shanahan III', 'Evans Jacobson', 'Prof. Ernie Gislason V', '2021-06-22 11:25:38', '2021-06-22 11:25:38'),
(634, 'Lonzo Graham', 'Mable Gerhold', 'Alison Waters', '2021-06-22 11:25:38', '2021-06-22 11:25:38'),
(635, 'Burley Walker', 'Mr. Gillian Hayes', 'Sigrid Simonis', '2021-06-22 11:25:38', '2021-06-22 11:25:38'),
(636, 'Aleen Dickinson IV', 'Dr. Felix Doyle Sr.', 'Leonie Zemlak', '2021-06-22 11:25:38', '2021-06-22 11:25:38'),
(637, 'Dr. Aida Altenwerth', 'Mrs. Selina Mills', 'Prof. Forest Berge Jr.', '2021-06-22 11:25:38', '2021-06-22 11:25:38'),
(638, 'Micheal Prosacco', 'Benjamin Murray', 'Mrs. Hulda Crist', '2021-06-22 11:25:38', '2021-06-22 11:25:38'),
(639, 'Lura Huels', 'Emanuel Wilkinson', 'Mrs. Cathryn Hettinger DVM', '2021-06-22 11:25:38', '2021-06-22 11:25:38'),
(640, 'Phyllis Barton', 'Obie Legros', 'Emmalee Gerhold', '2021-06-22 11:25:38', '2021-06-22 11:25:38'),
(641, 'Prof. Dock Cummings', 'Lavonne Runte', 'Dr. Braden O\'Kon', '2021-06-22 11:25:38', '2021-06-22 11:25:38'),
(642, 'Mrs. Charlene Fahey', 'Karley Schmidt', 'Clint Heathcote', '2021-06-22 11:25:38', '2021-06-22 11:25:38'),
(643, 'Dr. Elliot Hickle Sr.', 'Dr. Ines Hermiston IV', 'Mrs. Karolann McClure', '2021-06-22 11:25:38', '2021-06-22 11:25:38'),
(644, 'Elvera Wisoky', 'Peggie Gerlach', 'Sandrine Schuster', '2021-06-22 11:25:38', '2021-06-22 11:25:38'),
(645, 'Jasmin Hudson', 'Audreanne Bruen', 'Sabina Franecki', '2021-06-22 11:25:38', '2021-06-22 11:25:38'),
(646, 'Dr. Rusty Koch DDS', 'Miss Elouise Medhurst DVM', 'Dr. Francisca Ebert', '2021-06-22 11:25:38', '2021-06-22 11:25:38'),
(647, 'Blair Windler Jr.', 'Andre Collins', 'Prof. Minnie Glover', '2021-06-22 11:25:38', '2021-06-22 11:25:38'),
(648, 'Prof. Allen Collier', 'Karine Mueller', 'Alfonso Rath', '2021-06-22 11:25:38', '2021-06-22 11:25:38'),
(649, 'Preston Baumbach', 'Maynard Langworth', 'Prof. Coby Skiles', '2021-06-22 11:25:38', '2021-06-22 11:25:38'),
(650, 'Harrison Schneider', 'Miss Kavon Jones', 'Heaven Denesik', '2021-06-22 11:25:38', '2021-06-22 11:25:38'),
(651, 'Ms. Amaya Hyatt', 'Camille Reichel', 'Brown Rempel DDS', '2021-06-22 11:25:38', '2021-06-22 11:25:38'),
(652, 'Mrs. Abigayle Lesch', 'Orval Mertz', 'Kelli Hermiston', '2021-06-22 11:25:38', '2021-06-22 11:25:38'),
(653, 'Kaleb McCullough', 'Abraham Von', 'Adelbert Ziemann', '2021-06-22 11:25:38', '2021-06-22 11:25:38'),
(654, 'Mr. Robin Moore', 'Miss Beulah Kuphal', 'Kaelyn Leannon', '2021-06-22 11:25:38', '2021-06-22 11:25:38'),
(655, 'Meaghan Schmitt', 'Miss Taya Prohaska', 'Prof. Agnes Flatley IV', '2021-06-22 11:25:38', '2021-06-22 11:25:38'),
(656, 'Charles Goldner', 'Ivy Roob', 'Mr. Santos Walter', '2021-06-22 11:25:38', '2021-06-22 11:25:38'),
(657, 'Kyleigh Mills', 'Grayce Adams', 'Kaia Wilderman', '2021-06-22 11:25:38', '2021-06-22 11:25:38'),
(658, 'Miss Aniya Marks', 'Monserrat Mohr', 'Mariam Hoppe', '2021-06-22 11:25:38', '2021-06-22 11:25:38'),
(659, 'Ola Sauer', 'Catalina Bayer', 'Mr. Milford Schmeler DDS', '2021-06-22 11:25:38', '2021-06-22 11:25:38'),
(660, 'Dr. Wilford Hintz III', 'Jeremy Rowe Jr.', 'Hardy Von', '2021-06-22 11:25:38', '2021-06-22 11:25:38'),
(661, 'Bryon Ebert', 'Dr. Joyce Klocko', 'Prof. Ricardo Stoltenberg V', '2021-06-22 11:25:38', '2021-06-22 11:25:38'),
(662, 'Sallie Johns', 'Judson Wisoky', 'Cydney Schultz', '2021-06-22 11:25:38', '2021-06-22 11:25:38'),
(663, 'Arden Koepp DVM', 'Ms. Edythe White', 'Ms. Thea Berge', '2021-06-22 11:25:38', '2021-06-22 11:25:38'),
(664, 'Pierre Legros', 'Erich Muller Jr.', 'Marques Stokes', '2021-06-22 11:25:38', '2021-06-22 11:25:38'),
(665, 'Dr. Claude Gislason II', 'Clifford Casper', 'Tiana Thompson', '2021-06-22 11:25:38', '2021-06-22 11:25:38'),
(666, 'Chris Daugherty', 'Dr. Brooks Bernier', 'Otilia King', '2021-06-22 11:25:38', '2021-06-22 11:25:38'),
(667, 'Ada Kuphal', 'Graham Hyatt', 'Ottilie Hilpert Sr.', '2021-06-22 11:25:38', '2021-06-22 11:25:38'),
(668, 'Allen Howell', 'Ramona Okuneva', 'Alfreda Bode', '2021-06-22 11:25:38', '2021-06-22 11:25:38'),
(669, 'Charles Romaguera', 'Anibal Kuhn', 'Adrien Stanton', '2021-06-22 11:25:38', '2021-06-22 11:25:38'),
(670, 'Emmett Ondricka', 'Meggie Bergnaum', 'Darrick Strosin PhD', '2021-06-22 11:25:38', '2021-06-22 11:25:38'),
(671, 'Jordyn Lind', 'Eve Price', 'Mrs. Melody Marks Jr.', '2021-06-22 11:25:38', '2021-06-22 11:25:38'),
(672, 'Celestine Paucek', 'Asia Parisian DDS', 'Dr. Julie Boehm Sr.', '2021-06-22 11:25:38', '2021-06-22 11:25:38'),
(673, 'Dr. Arne Pfannerstill', 'Ozella Gaylord', 'Adeline Bashirian', '2021-06-22 11:25:38', '2021-06-22 11:25:38'),
(674, 'Mozell Wolff', 'Ms. Evangeline Kihn', 'Jorge Jast', '2021-06-22 11:25:38', '2021-06-22 11:25:38'),
(675, 'Prof. Muriel Rowe', 'Kevin Berge', 'Daphney O\'Keefe', '2021-06-22 11:25:38', '2021-06-22 11:25:38'),
(676, 'Grayson Marks Jr.', 'Taryn Corwin', 'Ms. Daisha Fahey', '2021-06-22 11:25:38', '2021-06-22 11:25:38'),
(677, 'Dayana O\'Reilly', 'Preston Zemlak', 'Eudora King', '2021-06-22 11:25:38', '2021-06-22 11:25:38'),
(678, 'Mr. Kris Marks Sr.', 'Mr. Ahmed Rau', 'Jessyca Donnelly', '2021-06-22 11:25:38', '2021-06-22 11:25:38'),
(679, 'Pete Hill', 'Cale Dickens', 'Era Littel', '2021-06-22 11:25:38', '2021-06-22 11:25:38'),
(680, 'Mr. Colton Schinner I', 'Peyton Schmidt', 'Mr. Baylee Hartmann PhD', '2021-06-22 11:25:38', '2021-06-22 11:25:38'),
(681, 'Trycia Nicolas PhD', 'Electa Koch', 'Alaina Koss', '2021-06-22 11:25:38', '2021-06-22 11:25:38'),
(682, 'Gianni Murphy MD', 'Dr. Terrance Cruickshank DDS', 'Maudie Grimes', '2021-06-22 11:25:38', '2021-06-22 11:25:38'),
(683, 'Jamarcus Streich DVM', 'Roxane Heller', 'Jovani Dickens', '2021-06-22 11:25:38', '2021-06-22 11:25:38'),
(684, 'Shayna Champlin I', 'Diamond Kertzmann', 'Dr. Fletcher Simonis', '2021-06-22 11:25:38', '2021-06-22 11:25:38'),
(685, 'Alex Runte PhD', 'Jamison Maggio III', 'Mr. Micah Emard', '2021-06-22 11:25:38', '2021-06-22 11:25:38'),
(686, 'Rylee Wisoky', 'Ms. Hannah Yost', 'Otto Muller', '2021-06-22 11:25:38', '2021-06-22 11:25:38'),
(687, 'Silas Flatley', 'Dr. Tillman Reynolds II', 'Ms. Luisa Sanford', '2021-06-22 11:25:38', '2021-06-22 11:25:38'),
(688, 'Rodrigo Dickens', 'Logan Mann', 'Cordia VonRueden', '2021-06-22 11:25:38', '2021-06-22 11:25:38'),
(689, 'Ms. Opal Marvin', 'Ashley Nienow', 'Mrs. Roselyn Hagenes PhD', '2021-06-22 11:25:38', '2021-06-22 11:25:38'),
(690, 'Tony Tillman', 'Frances Raynor', 'Dr. Linnie Parisian DDS', '2021-06-22 11:25:38', '2021-06-22 11:25:38'),
(691, 'Estevan Crona', 'Brooks Pfeffer II', 'Arvilla Goodwin', '2021-06-22 11:25:38', '2021-06-22 11:25:38'),
(692, 'Paula Heidenreich IV', 'Noelia Doyle III', 'Rosa Block', '2021-06-22 11:25:38', '2021-06-22 11:25:38'),
(693, 'Gilda Anderson DDS', 'Allen Medhurst', 'Miss Eloise Bednar', '2021-06-22 11:25:38', '2021-06-22 11:25:38'),
(694, 'Maiya Torphy', 'Jany Ernser', 'Torey Rosenbaum II', '2021-06-22 11:25:38', '2021-06-22 11:25:38'),
(695, 'Kelly Kassulke V', 'Mr. Prince Emmerich', 'Osborne Borer', '2021-06-22 11:25:38', '2021-06-22 11:25:38'),
(696, 'Iliana Kerluke', 'Jaime Mosciski', 'Freda Kuvalis', '2021-06-22 11:25:38', '2021-06-22 11:25:38'),
(697, 'Eunice Murray', 'Alvah Lindgren Jr.', 'Dr. Elfrieda Kessler', '2021-06-22 11:25:38', '2021-06-22 11:25:38'),
(698, 'Rhianna Lang', 'Mr. Monty Carter', 'Piper Gaylord', '2021-06-22 11:25:38', '2021-06-22 11:25:38'),
(699, 'Dr. Rod Sauer DDS', 'Oran Tillman', 'Ari Batz', '2021-06-22 11:25:38', '2021-06-22 11:25:38'),
(700, 'Jennifer Block', 'Brenden O\'Keefe', 'Nellie Price V', '2021-06-22 11:25:38', '2021-06-22 11:25:38'),
(701, 'Oda Dach', 'Margarete Huels', 'Hans Kreiger II', '2021-06-22 11:25:38', '2021-06-22 11:25:38'),
(702, 'Mr. Howell Gusikowski MD', 'Cordell Hudson', 'Mr. Bill Raynor I', '2021-06-22 11:25:38', '2021-06-22 11:25:38'),
(703, 'Ora Ankunding', 'Anne Considine DDS', 'Prof. Fern Mohr I', '2021-06-22 11:25:38', '2021-06-22 11:25:38'),
(704, 'Mariana Price I', 'Kale Wisoky', 'Ralph Bednar', '2021-06-22 11:25:38', '2021-06-22 11:25:38'),
(705, 'Mr. Rocio Bednar IV', 'Christelle Hill', 'Jaylan Gutkowski DDS', '2021-06-22 11:25:38', '2021-06-22 11:25:38'),
(706, 'Lessie Ratke', 'Sophie Reichel', 'Lou Cormier', '2021-06-22 11:25:38', '2021-06-22 11:25:38'),
(707, 'Jaquan Ritchie', 'Dr. Damian Heller', 'Bradford Keeling DVM', '2021-06-22 11:25:38', '2021-06-22 11:25:38'),
(708, 'Ms. Alexandrea Nienow MD', 'Lysanne Hegmann', 'Cleo Marvin', '2021-06-22 11:25:38', '2021-06-22 11:25:38'),
(709, 'Abel Borer PhD', 'Davion Dickens Jr.', 'Christiana Glover MD', '2021-06-22 11:25:38', '2021-06-22 11:25:38'),
(710, 'Dr. Adan Murray DDS', 'Prof. Mackenzie Corkery DDS', 'Marcus Kemmer PhD', '2021-06-22 11:25:38', '2021-06-22 11:25:38'),
(711, 'Wade Reilly', 'Prof. Cali Denesik DDS', 'Joshua Gulgowski', '2021-06-22 11:25:38', '2021-06-22 11:25:38'),
(712, 'Miss Syble Kuhlman III', 'Ms. Bessie Murphy IV', 'Monroe Abernathy', '2021-06-22 11:25:38', '2021-06-22 11:25:38'),
(713, 'Brigitte Heidenreich', 'Fermin Stehr', 'Gretchen Kiehn', '2021-06-22 11:25:38', '2021-06-22 11:25:38'),
(714, 'Vergie Lakin', 'Candice Zboncak PhD', 'Broderick Heidenreich DVM', '2021-06-22 11:25:38', '2021-06-22 11:25:38'),
(715, 'Bart Harvey', 'Dr. Adolph Kerluke', 'Dr. Javonte Mills', '2021-06-22 11:25:38', '2021-06-22 11:25:38'),
(716, 'Mr. Hal Miller', 'Dr. Matilde Wyman MD', 'Freddie Heidenreich', '2021-06-22 11:25:38', '2021-06-22 11:25:38'),
(717, 'Tomasa Dach', 'Prof. Nyasia Quigley II', 'Rey Bartoletti III', '2021-06-22 11:25:38', '2021-06-22 11:25:38'),
(718, 'Connie Botsford Jr.', 'Enrique Nolan', 'Jayme Rempel', '2021-06-22 11:25:38', '2021-06-22 11:25:38'),
(719, 'Willard Price', 'Hilda Johnston', 'Marley Monahan', '2021-06-22 11:25:38', '2021-06-22 11:25:38'),
(720, 'Justen Parisian', 'Gwendolyn Kerluke', 'Miss Sallie Kemmer I', '2021-06-22 11:25:38', '2021-06-22 11:25:38'),
(721, 'Mrs. Astrid Becker', 'Gia Price', 'Skye Kuhic', '2021-06-22 11:25:38', '2021-06-22 11:25:38'),
(722, 'Prof. Marcelle Lakin I', 'Ms. Breanne Bednar DDS', 'Destiny Auer', '2021-06-22 11:25:38', '2021-06-22 11:25:38'),
(723, 'Johann Ruecker', 'Isai Beer', 'Adrain Morissette', '2021-06-22 11:25:38', '2021-06-22 11:25:38'),
(724, 'Miss Aleen Koss Jr.', 'Tessie Hammes', 'Treva Watsica', '2021-06-22 11:25:38', '2021-06-22 11:25:38'),
(725, 'Antonietta Breitenberg', 'Flavie Hermann', 'Kassandra Effertz', '2021-06-22 11:25:38', '2021-06-22 11:25:38'),
(726, 'Gilberto Kulas', 'Laurel Braun', 'Trevor Legros', '2021-06-22 11:25:38', '2021-06-22 11:25:38'),
(727, 'Dr. Felicita Kris', 'Dr. Gladyce Corkery MD', 'Deron Hills Sr.', '2021-06-22 11:25:38', '2021-06-22 11:25:38'),
(728, 'Prof. Kurt Jacobs MD', 'Camryn Schuppe', 'Esperanza Huels', '2021-06-22 11:25:38', '2021-06-22 11:25:38'),
(729, 'Jasper Hudson', 'Willie Quigley', 'Macy Dare', '2021-06-22 11:25:38', '2021-06-22 11:25:38'),
(730, 'Garnet Adams', 'Chelsie Tremblay', 'Ms. Freda Effertz', '2021-06-22 11:25:38', '2021-06-22 11:25:38'),
(731, 'Reagan Stamm', 'Dr. Jordy Abbott V', 'Peter Nitzsche', '2021-06-22 11:25:38', '2021-06-22 11:25:38'),
(732, 'Candace Auer', 'Idella Keeling', 'Wendell Lesch IV', '2021-06-22 11:25:38', '2021-06-22 11:25:38'),
(733, 'Maynard Bergstrom', 'Seth Reilly', 'Eldridge Weber', '2021-06-22 11:25:38', '2021-06-22 11:25:38'),
(734, 'Ada Lynch DDS', 'Colby Waters', 'Mrs. Amaya Grant DDS', '2021-06-22 11:25:38', '2021-06-22 11:25:38'),
(735, 'Mose Kuphal MD', 'Beverly Mayer', 'Garrick Deckow', '2021-06-22 11:25:38', '2021-06-22 11:25:38'),
(736, 'Neha Klein V', 'Aleen Fadel', 'Clementine Cummerata', '2021-06-22 11:25:38', '2021-06-22 11:25:38'),
(737, 'Jaquelin Brekke', 'Dagmar Little', 'Mr. Carmel Kautzer V', '2021-06-22 11:25:38', '2021-06-22 11:25:38'),
(738, 'Lilyan McCullough', 'Miss Ciara Hintz', 'Ms. Jena Abshire PhD', '2021-06-22 11:25:38', '2021-06-22 11:25:38'),
(739, 'Amos Stroman II', 'Zechariah Cassin DDS', 'Darrel Beer', '2021-06-22 11:25:38', '2021-06-22 11:25:38'),
(740, 'Russell Medhurst', 'Anais Quitzon IV', 'Laurine Ebert', '2021-06-22 11:25:38', '2021-06-22 11:25:38'),
(741, 'Mrs. Marietta Gaylord PhD', 'Nina Morissette', 'Zion Fay', '2021-06-22 11:25:38', '2021-06-22 11:25:38'),
(742, 'Vesta Bashirian', 'Prof. Carlee Maggio PhD', 'Baron Bosco', '2021-06-22 11:25:38', '2021-06-22 11:25:38'),
(743, 'Mr. Roscoe Farrell', 'Prof. Jocelyn McGlynn Sr.', 'Moises Runte', '2021-06-22 11:25:38', '2021-06-22 11:25:38'),
(744, 'Tessie Leffler', 'Syble Jacobs', 'Christine Halvorson I', '2021-06-22 11:25:38', '2021-06-22 11:25:38'),
(745, 'Veda Wyman', 'Tomas Gusikowski', 'Ms. Allison Hackett', '2021-06-22 11:25:38', '2021-06-22 11:25:38'),
(746, 'Micaela Waelchi', 'Laurence Metz', 'Mack Kessler II', '2021-06-22 11:25:38', '2021-06-22 11:25:38'),
(747, 'Donny Crist', 'Dr. Lue Cole', 'Kacie Effertz', '2021-06-22 11:25:38', '2021-06-22 11:25:38'),
(748, 'Mr. Brendon Wisoky', 'Ms. Trycia Connelly Jr.', 'Casandra Greenholt Jr.', '2021-06-22 11:25:38', '2021-06-22 11:25:38'),
(749, 'Leland Homenick Sr.', 'Jonathon Veum', 'Lenora Cormier', '2021-06-22 11:25:38', '2021-06-22 11:25:38'),
(750, 'Johnny Schowalter', 'Fiona Strosin', 'Felton Olson', '2021-06-22 11:25:38', '2021-06-22 11:25:38'),
(751, 'Mr. Zackery Greenfelder', 'Josefa Johns DVM', 'Angela Quigley', '2021-06-22 11:25:38', '2021-06-22 11:25:38'),
(752, 'Rowena Grant', 'Floy Goodwin PhD', 'Viva O\'Conner', '2021-06-22 11:25:38', '2021-06-22 11:25:38'),
(753, 'Miss Gilda Murazik', 'Mr. Everett Prosacco', 'Prof. Makenzie Ortiz Jr.', '2021-06-22 11:25:38', '2021-06-22 11:25:38'),
(754, 'Abdiel McGlynn', 'Arlene Davis II', 'Ms. Adaline Lang', '2021-06-22 11:25:38', '2021-06-22 11:25:38'),
(755, 'Emma Paucek', 'Prof. Elouise Hagenes V', 'Tierra Becker', '2021-06-22 11:25:38', '2021-06-22 11:25:38'),
(756, 'Quincy Breitenberg', 'Desmond Senger Jr.', 'Augusta Glover', '2021-06-22 11:25:38', '2021-06-22 11:25:38'),
(757, 'Jakayla Nolan PhD', 'Pietro Connelly', 'Alfredo Douglas I', '2021-06-22 11:25:38', '2021-06-22 11:25:38'),
(758, 'Stacy Brekke DDS', 'Mr. Wyatt Stoltenberg', 'Mrs. Jennifer Wiegand Jr.', '2021-06-22 11:25:38', '2021-06-22 11:25:38'),
(759, 'Prince Tremblay', 'Katrina Wisozk', 'Erling Cummerata I', '2021-06-22 11:25:38', '2021-06-22 11:25:38'),
(760, 'Zachery Fay I', 'Mr. Granville Frami', 'Chandler Hettinger', '2021-06-22 11:25:38', '2021-06-22 11:25:38'),
(761, 'Sid Cremin', 'Korey Lindgren III', 'Prof. Emerson Daniel', '2021-06-22 11:25:38', '2021-06-22 11:25:38'),
(762, 'Nelda Heathcote', 'Prof. Brannon Beier V', 'Mr. Spencer Koss DDS', '2021-06-22 11:25:38', '2021-06-22 11:25:38'),
(763, 'Kylie Flatley', 'Joany Morar', 'Zora Leuschke', '2021-06-22 11:25:38', '2021-06-22 11:25:38'),
(764, 'Mohamed Ledner', 'Brandt Crist', 'Dr. Kiana Hauck V', '2021-06-22 11:25:38', '2021-06-22 11:25:38'),
(765, 'Ms. Candace Nicolas', 'Prof. Patience Brown', 'Josephine Mante', '2021-06-22 11:25:38', '2021-06-22 11:25:38'),
(766, 'Amara Osinski DDS', 'Cooper Wehner', 'Alysson O\'Connell PhD', '2021-06-22 11:25:38', '2021-06-22 11:25:38'),
(767, 'Dr. Theron Weber II', 'Hettie Breitenberg', 'Graciela Lebsack', '2021-06-22 11:25:38', '2021-06-22 11:25:38'),
(768, 'Victor Larkin', 'Emmet Haley', 'Miss Carlee Nikolaus', '2021-06-22 11:25:38', '2021-06-22 11:25:38'),
(769, 'Dr. Damien Gutkowski MD', 'Prof. Cleveland White III', 'Prof. Anastacio Nolan', '2021-06-22 11:25:38', '2021-06-22 11:25:38'),
(770, 'Elfrieda Pollich', 'Miss Alanna Windler Jr.', 'Edwina Nader', '2021-06-22 11:25:38', '2021-06-22 11:25:38'),
(771, 'Claudie D\'Amore', 'Adeline Stokes', 'Eva Rice MD', '2021-06-22 11:25:38', '2021-06-22 11:25:38'),
(772, 'Dr. Creola Sporer DVM', 'Leonor Hill II', 'Prof. Ubaldo Harber Jr.', '2021-06-22 11:25:38', '2021-06-22 11:25:38'),
(773, 'Ibrahim Bode', 'Mr. Haskell Balistreri III', 'Margot Funk', '2021-06-22 11:25:38', '2021-06-22 11:25:38'),
(774, 'Rahul Halvorson', 'America Ankunding', 'Aaliyah Abernathy', '2021-06-22 11:25:38', '2021-06-22 11:25:38'),
(775, 'Dr. Milford Friesen', 'Elva Mueller', 'Deion Abbott', '2021-06-22 11:25:38', '2021-06-22 11:25:38'),
(776, 'Abbie Ruecker Jr.', 'Dr. Bobby Balistreri II', 'Dr. Baron Gislason', '2021-06-22 11:25:38', '2021-06-22 11:25:38'),
(777, 'Lilla Hodkiewicz', 'Mr. Ubaldo Weber', 'Dr. Tyson Schuster IV', '2021-06-22 11:25:38', '2021-06-22 11:25:38'),
(778, 'Lauryn Sauer MD', 'Katheryn Stoltenberg', 'Miss Roma Morissette IV', '2021-06-22 11:25:38', '2021-06-22 11:25:38'),
(779, 'Selena Ritchie', 'Eda Hintz', 'Alexandria Bosco', '2021-06-22 11:25:38', '2021-06-22 11:25:38'),
(780, 'Lionel Mueller', 'Rachel Fisher', 'Jarod Wunsch', '2021-06-22 11:25:38', '2021-06-22 11:25:38'),
(781, 'Devan Rippin', 'Mr. Watson Brekke', 'Jonathan DuBuque', '2021-06-22 11:25:38', '2021-06-22 11:25:38'),
(782, 'Norval Kohler', 'Natasha Will', 'Mr. Loyal Dare Sr.', '2021-06-22 11:25:38', '2021-06-22 11:25:38'),
(783, 'Mrs. Wilhelmine Blanda', 'Zoie Conroy III', 'Dr. Edmond Davis', '2021-06-22 11:25:38', '2021-06-22 11:25:38'),
(784, 'Ramon Kihn', 'Aryanna Hyatt', 'Michale Cummerata', '2021-06-22 11:25:38', '2021-06-22 11:25:38'),
(785, 'Zora Reichert', 'Scottie Zboncak', 'Noelia Sauer', '2021-06-22 11:25:38', '2021-06-22 11:25:38'),
(786, 'Carlie Kuhlman', 'Mr. Napoleon Corwin Jr.', 'Sibyl Reinger III', '2021-06-22 11:25:38', '2021-06-22 11:25:38'),
(787, 'Mr. Landen Dietrich', 'Bettye Grant', 'Andrew Pfeffer', '2021-06-22 11:25:38', '2021-06-22 11:25:38'),
(788, 'Clarissa Terry', 'Margarete Veum', 'Milton Cruickshank', '2021-06-22 11:25:38', '2021-06-22 11:25:38'),
(789, 'Prof. Lazaro Kautzer DVM', 'Omer Christiansen', 'Ms. Alexandra Rohan IV', '2021-06-22 11:25:38', '2021-06-22 11:25:38'),
(790, 'Prof. Cleta Sauer III', 'Miss Asha Abbott Jr.', 'Lilla Abernathy', '2021-06-22 11:25:38', '2021-06-22 11:25:38'),
(791, 'Alva Kunze', 'Ford Robel', 'Ubaldo Lowe', '2021-06-22 11:25:38', '2021-06-22 11:25:38'),
(792, 'Vita Monahan', 'Kayli Welch', 'Rae Willms', '2021-06-22 11:25:38', '2021-06-22 11:25:38'),
(793, 'Jayson Thiel', 'Bette Fisher', 'Alfonso Hodkiewicz', '2021-06-22 11:25:38', '2021-06-22 11:25:38'),
(794, 'Ellsworth Zieme', 'Vickie Effertz', 'Paige Dicki', '2021-06-22 11:25:38', '2021-06-22 11:25:38'),
(795, 'Kyleigh Wisozk', 'Jacquelyn Stanton', 'Gerardo Crist', '2021-06-22 11:25:38', '2021-06-22 11:25:38'),
(796, 'Bernice Dietrich', 'Maximillian Spencer MD', 'Reta Cormier', '2021-06-22 11:25:38', '2021-06-22 11:25:38'),
(797, 'Earnest Torphy', 'Linnie Davis', 'Prof. Eldridge Turner', '2021-06-22 11:25:38', '2021-06-22 11:25:38'),
(798, 'Dr. Virginie Kertzmann', 'Gia Ledner', 'Jocelyn Block', '2021-06-22 11:25:38', '2021-06-22 11:25:38'),
(799, 'Dallin Jacobi DVM', 'Justus Bernier I', 'Prof. Esther Hill PhD', '2021-06-22 11:25:38', '2021-06-22 11:25:38'),
(800, 'Dr. Dorian Kunze', 'Vicky Smitham', 'Dr. Everett Graham', '2021-06-22 11:25:38', '2021-06-22 11:25:38'),
(801, 'Kurtis Bogisich DDS', 'Werner Grimes DDS', 'Kelly Huel', '2021-06-22 11:25:38', '2021-06-22 11:25:38'),
(802, 'Kiara Gerhold', 'Hettie Huel', 'Guiseppe Strosin I', '2021-06-22 11:25:38', '2021-06-22 11:25:38'),
(803, 'Prof. Kyleigh Johnston', 'Halie Kuhn', 'Mrs. Shana Kemmer IV', '2021-06-22 11:25:38', '2021-06-22 11:25:38'),
(804, 'Trycia D\'Amore', 'Dorcas Hudson', 'Dr. Elroy Smitham', '2021-06-22 11:25:38', '2021-06-22 11:25:38'),
(805, 'Rylee West', 'Cornell Cole', 'Monroe Wilkinson', '2021-06-22 11:25:38', '2021-06-22 11:25:38'),
(806, 'Caden Powlowski I', 'Jovan Parker', 'Nils Hand', '2021-06-22 11:25:38', '2021-06-22 11:25:38'),
(807, 'Mrs. Therese Pollich', 'Mrs. Graciela Friesen', 'Josue Hill III', '2021-06-22 11:25:38', '2021-06-22 11:25:38'),
(808, 'Ms. Vicenta Murazik IV', 'Prof. Adelbert Mills', 'Prof. Lacey Keeling Jr.', '2021-06-22 11:25:38', '2021-06-22 11:25:38'),
(809, 'Leopoldo Stoltenberg DVM', 'Cullen Hodkiewicz', 'Lolita Predovic', '2021-06-22 11:25:38', '2021-06-22 11:25:38'),
(810, 'Porter Halvorson', 'Adrien Schaden', 'Nova Douglas', '2021-06-22 11:25:38', '2021-06-22 11:25:38'),
(811, 'Lucinda Predovic', 'Dominic Ledner', 'Mr. Marcelino Kunze DVM', '2021-06-22 11:25:38', '2021-06-22 11:25:38'),
(812, 'Elsie Mills', 'Miss Zoe Toy', 'Beryl Reynolds', '2021-06-22 11:25:38', '2021-06-22 11:25:38'),
(813, 'Luisa Deckow', 'Stanton Waelchi PhD', 'Mr. Kristoffer Hegmann', '2021-06-22 11:25:38', '2021-06-22 11:25:38'),
(814, 'Miss Antonetta Berge', 'Lonny Hyatt', 'Jayson Wehner', '2021-06-22 11:25:38', '2021-06-22 11:25:38'),
(815, 'Brielle Bradtke', 'Khalil Kling', 'Gussie Jones', '2021-06-22 11:25:38', '2021-06-22 11:25:38'),
(816, 'Polly Kling', 'Lilyan Hickle', 'Kenya Abbott', '2021-06-22 11:25:38', '2021-06-22 11:25:38'),
(817, 'Dr. Jeffry Morar', 'Pattie Kutch', 'Jermaine Hodkiewicz DVM', '2021-06-22 11:25:38', '2021-06-22 11:25:38'),
(818, 'Fatima Altenwerth', 'Meta Gleichner', 'Tyrell Hermann', '2021-06-22 11:25:38', '2021-06-22 11:25:38'),
(819, 'Prof. Tina Will II', 'Samara Aufderhar', 'Prof. Lelia Gerhold PhD', '2021-06-22 11:25:38', '2021-06-22 11:25:38'),
(820, 'Hal Bailey', 'Prof. Alexandrea Berge', 'Monserrate Reichel', '2021-06-22 11:25:38', '2021-06-22 11:25:38'),
(821, 'Chandler Lesch Jr.', 'Ms. Helga Reichel', 'Elody Mayer', '2021-06-22 11:25:38', '2021-06-22 11:25:38'),
(822, 'Prof. Zoey Wuckert Sr.', 'Ezra Lindgren', 'Ova Welch', '2021-06-22 11:25:38', '2021-06-22 11:25:38'),
(823, 'Earl Effertz', 'Vivienne Funk', 'Ebony Weber', '2021-06-22 11:25:38', '2021-06-22 11:25:38'),
(824, 'Bell Medhurst', 'Bernice Howe I', 'Mrs. Nicole Hayes', '2021-06-22 11:25:38', '2021-06-22 11:25:38'),
(825, 'Prof. Aurelia Marquardt', 'Dr. Jaquan Simonis V', 'Omer Schaefer', '2021-06-22 11:25:38', '2021-06-22 11:25:38'),
(826, 'Ottilie Koss', 'Ms. Aiyana Becker', 'Prof. Ryley Olson DDS', '2021-06-22 11:25:38', '2021-06-22 11:25:38'),
(827, 'Dimitri Pagac DVM', 'Cleve Lehner', 'Jeanie McDermott', '2021-06-22 11:25:38', '2021-06-22 11:25:38'),
(828, 'Coy Halvorson', 'Mabelle Kulas', 'Hans Volkman', '2021-06-22 11:25:38', '2021-06-22 11:25:38'),
(829, 'Angeline Spinka', 'Skyla Huel', 'Isaiah Shanahan', '2021-06-22 11:25:38', '2021-06-22 11:25:38'),
(830, 'Ms. Yvonne Goodwin I', 'Kameron Wilderman', 'Mitchell Welch', '2021-06-22 11:25:38', '2021-06-22 11:25:38'),
(831, 'Deontae Blanda Jr.', 'Prof. Jaren Leuschke II', 'Buck Koepp', '2021-06-22 11:25:38', '2021-06-22 11:25:38'),
(832, 'Mrs. Sydnee Hauck MD', 'Shannon Turcotte', 'Mrs. Krystel McLaughlin Sr.', '2021-06-22 11:25:38', '2021-06-22 11:25:38'),
(833, 'Prof. Mose Block', 'Prof. Alexane Stroman IV', 'Dr. Coralie Terry', '2021-06-22 11:25:38', '2021-06-22 11:25:38'),
(834, 'Cleveland Murphy', 'Lennie Labadie', 'Haleigh Dickens Jr.', '2021-06-22 11:25:38', '2021-06-22 11:25:38'),
(835, 'Josianne Dooley Jr.', 'Emely Durgan', 'Peter West', '2021-06-22 11:25:38', '2021-06-22 11:25:38'),
(836, 'Alexandrine Hermann', 'Thora Daugherty', 'Liliana Maggio', '2021-06-22 11:25:38', '2021-06-22 11:25:38'),
(837, 'Mrs. Petra Grant MD', 'Crystal Nicolas IV', 'Marguerite Halvorson', '2021-06-22 11:25:38', '2021-06-22 11:25:38'),
(838, 'Luther Luettgen Jr.', 'Vaughn Collier Jr.', 'Jess Konopelski', '2021-06-22 11:25:38', '2021-06-22 11:25:38'),
(839, 'Jabari Boyle', 'Penelope Medhurst', 'Brett Lockman DDS', '2021-06-22 11:25:38', '2021-06-22 11:25:38'),
(840, 'Ilene Walsh', 'Leatha Jast', 'Lydia Grant III', '2021-06-22 11:25:38', '2021-06-22 11:25:38'),
(841, 'Gideon Hoppe IV', 'Rosamond Parisian', 'Mr. Maxine Johnson', '2021-06-22 11:25:38', '2021-06-22 11:25:38'),
(842, 'Melyssa Schaden', 'Prof. Sonya Kihn Jr.', 'Ronaldo Pacocha', '2021-06-22 11:25:38', '2021-06-22 11:25:38'),
(843, 'Prof. Emmitt Tremblay I', 'Annamarie Langworth', 'Pink McClure', '2021-06-22 11:25:38', '2021-06-22 11:25:38'),
(844, 'Dr. Eda Lemke Jr.', 'Rubye Lakin PhD', 'Frederique Macejkovic I', '2021-06-22 11:25:38', '2021-06-22 11:25:38'),
(845, 'Arno Lockman', 'Nella Bode', 'Florence Lemke', '2021-06-22 11:25:38', '2021-06-22 11:25:38'),
(846, 'Mr. Robbie Stroman', 'Cade Schuppe', 'Norberto Bashirian', '2021-06-22 11:25:38', '2021-06-22 11:25:38'),
(847, 'Jaden Wuckert', 'Josianne Schuppe', 'Miss Ardith Koelpin MD', '2021-06-22 11:25:38', '2021-06-22 11:25:38'),
(848, 'Mr. Marc Gorczany', 'Elena Veum DVM', 'Jeffry Toy', '2021-06-22 11:25:38', '2021-06-22 11:25:38'),
(849, 'Pietro Stark', 'Mr. Josiah Hansen Jr.', 'Dwight Legros', '2021-06-22 11:25:38', '2021-06-22 11:25:38'),
(850, 'Ms. Kaitlyn Hickle', 'Malinda Reichel IV', 'Dr. Annamae Fay', '2021-06-22 11:25:38', '2021-06-22 11:25:38'),
(851, 'Angel Koelpin', 'Dr. Raphael Lakin', 'Arch Rippin Sr.', '2021-06-22 11:25:38', '2021-06-22 11:25:38'),
(852, 'Angel Rowe', 'Shanel Bailey', 'Adrien Quigley', '2021-06-22 11:25:38', '2021-06-22 11:25:38'),
(853, 'Mr. Arthur Schumm', 'Valerie Stracke', 'Toney Schumm', '2021-06-22 11:25:38', '2021-06-22 11:25:38'),
(854, 'Annetta Beahan', 'Sonia Auer', 'Mr. Marques Abshire IV', '2021-06-22 11:25:38', '2021-06-22 11:25:38'),
(855, 'Lennie Padberg Sr.', 'Verla Aufderhar Jr.', 'Jon Howell', '2021-06-22 11:25:38', '2021-06-22 11:25:38'),
(856, 'Mayra Fisher', 'Milan Lehner Sr.', 'Blanca Kerluke', '2021-06-22 11:25:38', '2021-06-22 11:25:38'),
(857, 'Mrs. Yoshiko Schroeder', 'Sigrid Runte', 'Mrs. Neoma Wolf Sr.', '2021-06-22 11:25:38', '2021-06-22 11:25:38'),
(858, 'Carter Abshire DVM', 'Destiny Huels', 'Dereck Lockman', '2021-06-22 11:25:38', '2021-06-22 11:25:38'),
(859, 'Orpha Nader', 'Karolann Hickle', 'Daren Simonis', '2021-06-22 11:25:38', '2021-06-22 11:25:38'),
(860, 'Mr. Jensen Okuneva', 'Ricardo Dibbert', 'Vella Willms', '2021-06-22 11:25:38', '2021-06-22 11:25:38'),
(861, 'Sarah Kerluke', 'Brittany Jerde', 'Dr. Reed Hyatt', '2021-06-22 11:25:38', '2021-06-22 11:25:38'),
(862, 'Jennifer Lockman', 'Jane Miller', 'Dr. Domenica Ondricka V', '2021-06-22 11:25:38', '2021-06-22 11:25:38'),
(863, 'Richie Doyle', 'Lorna Wunsch DDS', 'Granville Welch', '2021-06-22 11:25:38', '2021-06-22 11:25:38'),
(864, 'Prof. Randall Macejkovic Sr.', 'Kayley Emmerich', 'Hailie Bergnaum I', '2021-06-22 11:25:38', '2021-06-22 11:25:38'),
(865, 'Nikita Kris', 'Dorcas Hintz', 'Toney Moore', '2021-06-22 11:25:38', '2021-06-22 11:25:38'),
(866, 'Rosina Lind', 'Ms. Serena Jenkins DVM', 'Miss Eveline Schiller', '2021-06-22 11:25:38', '2021-06-22 11:25:38'),
(867, 'Dudley King', 'Roxanne Beer', 'Kennedi Veum', '2021-06-22 11:25:38', '2021-06-22 11:25:38'),
(868, 'Dr. Marisol Vandervort', 'Constantin Crooks', 'Eden Rutherford', '2021-06-22 11:25:38', '2021-06-22 11:25:38'),
(869, 'Dr. Bernard Will Jr.', 'Mrs. Norene Rogahn', 'Mr. Albert Lindgren PhD', '2021-06-22 11:25:38', '2021-06-22 11:25:38'),
(870, 'Cade Oberbrunner', 'Julian Cummings I', 'Garfield Luettgen', '2021-06-22 11:25:38', '2021-06-22 11:25:38'),
(871, 'Lelia Swaniawski I', 'Dr. Josue Daniel', 'Miss Aliyah Borer I', '2021-06-22 11:25:38', '2021-06-22 11:25:38'),
(872, 'Dr. Addison Nitzsche DVM', 'Noemy Bashirian V', 'Jamison Abernathy', '2021-06-22 11:25:38', '2021-06-22 11:25:38'),
(873, 'Micah Kreiger', 'Americo Cartwright', 'Kendra Kassulke', '2021-06-22 11:25:38', '2021-06-22 11:25:38'),
(874, 'Kenna Hamill', 'Joanne Macejkovic', 'Ms. Delphia Lynch', '2021-06-22 11:25:38', '2021-06-22 11:25:38'),
(875, 'Arianna Reynolds', 'Wyman Hickle', 'Alexanne Davis', '2021-06-22 11:25:38', '2021-06-22 11:25:38'),
(876, 'Dr. Lurline Hill V', 'Nathanael Orn', 'Mr. Maverick Wunsch', '2021-06-22 11:25:38', '2021-06-22 11:25:38'),
(877, 'Sid Cummerata', 'Isabell Windler', 'Keyon Walsh', '2021-06-22 11:25:38', '2021-06-22 11:25:38'),
(878, 'Arne Heller', 'Nya Gerhold', 'Rodrick Kuhic', '2021-06-22 11:25:38', '2021-06-22 11:25:38'),
(879, 'Tad Keeling Jr.', 'Laurence Nader', 'Dr. Kay Wehner', '2021-06-22 11:25:38', '2021-06-22 11:25:38'),
(880, 'Kendra Shanahan Sr.', 'Mr. Alden McClure', 'Dr. Filomena Weber', '2021-06-22 11:25:38', '2021-06-22 11:25:38'),
(881, 'Libby Shanahan', 'Conner Kuhn', 'Armani Turcotte MD', '2021-06-22 11:25:38', '2021-06-22 11:25:38'),
(882, 'Prof. Lizeth Gibson', 'Ofelia Treutel', 'Kaylah Green', '2021-06-22 11:25:38', '2021-06-22 11:25:38'),
(883, 'Alf Keeling', 'Deven Kirlin', 'Dr. Sylvan Bartell DVM', '2021-06-22 11:25:38', '2021-06-22 11:25:38'),
(884, 'Freddie Gleichner', 'Eda O\'Kon', 'Tyrell Reichel', '2021-06-22 11:25:38', '2021-06-22 11:25:38'),
(885, 'Cecelia Bednar DVM', 'Dr. Daphne Will', 'Mr. Khalil Yost', '2021-06-22 11:25:38', '2021-06-22 11:25:38'),
(886, 'Barbara Muller', 'Guadalupe Lynch', 'Dr. Jess Schroeder DDS', '2021-06-22 11:25:38', '2021-06-22 11:25:38'),
(887, 'Adrain Terry Sr.', 'Mr. Peyton Bauch I', 'Marcelino Huels', '2021-06-22 11:25:38', '2021-06-22 11:25:38'),
(888, 'Linda Ziemann', 'Ms. Thalia Hahn II', 'Bettye Nolan', '2021-06-22 11:25:38', '2021-06-22 11:25:38'),
(889, 'Zola Brown', 'Alexandre Rogahn', 'Issac Welch', '2021-06-22 11:25:38', '2021-06-22 11:25:38'),
(890, 'Monty Buckridge', 'Jay Lynch', 'Leo Swift I', '2021-06-22 11:25:38', '2021-06-22 11:25:38'),
(891, 'Jacky Mayert', 'Prof. Sylvia Kuvalis III', 'Eleonore Keeling', '2021-06-22 11:25:38', '2021-06-22 11:25:38'),
(892, 'Ms. America Yost DVM', 'Ms. Sibyl Klocko Sr.', 'Zelma Leffler', '2021-06-22 11:25:38', '2021-06-22 11:25:38'),
(893, 'Eveline Harvey', 'Mrs. Joana Wilderman PhD', 'Dr. Sanford Schneider PhD', '2021-06-22 11:25:38', '2021-06-22 11:25:38'),
(894, 'Aida Kshlerin', 'Lorena Gutmann', 'Dr. Dayana Walter II', '2021-06-22 11:25:38', '2021-06-22 11:25:38'),
(895, 'Mr. Kelton Daugherty', 'Modesto Ebert', 'Dr. Wallace Ullrich', '2021-06-22 11:25:38', '2021-06-22 11:25:38'),
(896, 'Cecil Waters', 'Camden Zieme', 'Foster Gulgowski', '2021-06-22 11:25:38', '2021-06-22 11:25:38'),
(897, 'Dr. Garth Hickle DDS', 'Marcel Kemmer', 'Toney Turcotte I', '2021-06-22 11:25:38', '2021-06-22 11:25:38'),
(898, 'Mrs. Leslie Williamson', 'Felton O\'Hara', 'Mr. Jordy Streich Sr.', '2021-06-22 11:25:38', '2021-06-22 11:25:38'),
(899, 'Dr. Paxton Halvorson', 'Prof. Elinor Schneider', 'Caitlyn Smith', '2021-06-22 11:25:38', '2021-06-22 11:25:38'),
(900, 'Wendy O\'Reilly', 'Terrance Cummerata', 'Bernard Kertzmann IV', '2021-06-22 11:25:38', '2021-06-22 11:25:38'),
(901, 'Salvador Rempel', 'Carroll Boyer', 'Lucy Wisozk', '2021-06-22 11:25:38', '2021-06-22 11:25:38'),
(902, 'Dr. Enrique Kovacek', 'Kasey Altenwerth', 'Alfonso Hackett', '2021-06-22 11:25:38', '2021-06-22 11:25:38'),
(903, 'Mr. Giuseppe Ferry MD', 'Liana Green', 'Michele McGlynn I', '2021-06-22 11:25:38', '2021-06-22 11:25:38'),
(904, 'Joe Marvin', 'Shyann Hickle', 'Rhea Lehner', '2021-06-22 11:25:38', '2021-06-22 11:25:38'),
(905, 'Jake Lesch', 'Dr. Berta Metz', 'Maude Bruen', '2021-06-22 11:25:38', '2021-06-22 11:25:38');
INSERT INTO `posts` (`id`, `title`, `body`, `email`, `created_at`, `updated_at`) VALUES
(906, 'Ms. Natalie Gottlieb', 'Dave O\'Hara DDS', 'Andres Kautzer', '2021-06-22 11:25:38', '2021-06-22 11:25:38'),
(907, 'Bernice McClure', 'Dr. Susan Aufderhar DVM', 'Marcia Corwin IV', '2021-06-22 11:25:38', '2021-06-22 11:25:38'),
(908, 'Kiarra Jaskolski', 'Albert Satterfield', 'Dr. Jarrell Sawayn', '2021-06-22 11:25:38', '2021-06-22 11:25:38'),
(909, 'Prof. Ward Dicki', 'Dr. Nickolas Runte IV', 'Mr. Deshaun Jacobs', '2021-06-22 11:25:38', '2021-06-22 11:25:38'),
(910, 'Mr. Glen Orn II', 'Mrs. Nelda Luettgen', 'Germaine Braun', '2021-06-22 11:25:38', '2021-06-22 11:25:38'),
(911, 'Jaqueline Fay', 'Millie Carter', 'Percy Mayert', '2021-06-22 11:25:38', '2021-06-22 11:25:38'),
(912, 'Zena Runte DDS', 'Prof. Armani Grimes', 'Alena Hermiston', '2021-06-22 11:25:38', '2021-06-22 11:25:38'),
(913, 'Faustino Ankunding', 'Mrs. Margaretta McClure', 'Prof. Broderick Nicolas', '2021-06-22 11:25:38', '2021-06-22 11:25:38'),
(914, 'Heber Weber', 'Dr. Cassidy O\'Keefe Sr.', 'Mrs. Bulah Wyman III', '2021-06-22 11:25:38', '2021-06-22 11:25:38'),
(915, 'Vernon Eichmann', 'Austin Schumm IV', 'Zander Skiles', '2021-06-22 11:25:38', '2021-06-22 11:25:38'),
(916, 'Adrian Lubowitz', 'Dr. Marcus Corwin Jr.', 'Ciara Mosciski', '2021-06-22 11:25:38', '2021-06-22 11:25:38'),
(917, 'Hildegard Brakus', 'Delmer Klein', 'Jayne Hartmann DDS', '2021-06-22 11:25:38', '2021-06-22 11:25:38'),
(918, 'Cyril Schneider', 'Lina Howe', 'Prof. Isom Fay', '2021-06-22 11:25:38', '2021-06-22 11:25:38'),
(919, 'Hillary Dach I', 'Dr. Miracle Torp', 'Mr. Lesley Weissnat II', '2021-06-22 11:25:38', '2021-06-22 11:25:38'),
(920, 'Dr. Aurelio Lehner DVM', 'Mr. Tyreek Hintz V', 'Dr. Gilbert Lindgren PhD', '2021-06-22 11:25:38', '2021-06-22 11:25:38'),
(921, 'Mr. Buck O\'Kon IV', 'Rachel Medhurst', 'Veronica Welch', '2021-06-22 11:25:38', '2021-06-22 11:25:38'),
(922, 'Lon Kunze', 'Ladarius Schneider I', 'Dr. Darrin Graham MD', '2021-06-22 11:25:38', '2021-06-22 11:25:38'),
(923, 'Darrin Gleason', 'Marietta McCullough', 'Jaeden Parisian', '2021-06-22 11:25:38', '2021-06-22 11:25:38'),
(924, 'Ms. Delta Collier', 'Trycia McKenzie', 'Ashleigh Rogahn', '2021-06-22 11:25:38', '2021-06-22 11:25:38'),
(925, 'Wendy Ankunding', 'Dorian Feeney', 'Dr. Solon Breitenberg V', '2021-06-22 11:25:38', '2021-06-22 11:25:38'),
(926, 'Noble Bradtke', 'Lea Walter', 'Ulises Renner', '2021-06-22 11:25:38', '2021-06-22 11:25:38'),
(927, 'Prof. Jameson Wiegand MD', 'Joany Schumm', 'Devyn Vandervort', '2021-06-22 11:25:38', '2021-06-22 11:25:38'),
(928, 'Kelley Dare', 'Dr. Alta Mraz V', 'Dustin Runte V', '2021-06-22 11:25:38', '2021-06-22 11:25:38'),
(929, 'Prof. Kyleigh Funk', 'Reba Wolf IV', 'Rhea Donnelly', '2021-06-22 11:25:38', '2021-06-22 11:25:38'),
(930, 'Elinore Strosin', 'Piper Thiel MD', 'Dr. Christ Mayer PhD', '2021-06-22 11:25:38', '2021-06-22 11:25:38'),
(931, 'Akeem Hirthe', 'Prof. Dax Ratke IV', 'Nya Kris', '2021-06-22 11:25:38', '2021-06-22 11:25:38'),
(932, 'Dr. Luella Bergnaum', 'Martina Kuhlman', 'Dolly Torphy', '2021-06-22 11:25:38', '2021-06-22 11:25:38'),
(933, 'Mr. Cristopher Nicolas III', 'Viviane Gleichner', 'Prof. Thora Leuschke', '2021-06-22 11:25:38', '2021-06-22 11:25:38'),
(934, 'Rosalinda Kertzmann', 'Warren Paucek', 'Helena Stehr', '2021-06-22 11:25:38', '2021-06-22 11:25:38'),
(935, 'Emmy Haley', 'Dr. Rowland Bauch', 'Serenity Doyle', '2021-06-22 11:25:38', '2021-06-22 11:25:38'),
(936, 'Jace Jones', 'Maverick Mann', 'Mr. Julien Bednar V', '2021-06-22 11:25:38', '2021-06-22 11:25:38'),
(937, 'Marjolaine Abshire DDS', 'Prof. Leonor Jenkins III', 'Glennie Stark', '2021-06-22 11:25:38', '2021-06-22 11:25:38'),
(938, 'Prof. Gussie Bergnaum', 'Miss Haven Yundt', 'Ms. Melyna Crona Jr.', '2021-06-22 11:25:38', '2021-06-22 11:25:38'),
(939, 'Mr. Joan Lesch I', 'Dr. Shayna O\'Connell Jr.', 'Arden Schaden III', '2021-06-22 11:25:38', '2021-06-22 11:25:38'),
(940, 'Dr. Frederick Macejkovic', 'Krystina Waters', 'Yasmeen Wiegand', '2021-06-22 11:25:38', '2021-06-22 11:25:38'),
(941, 'Camden Ullrich', 'Bertram Beier', 'Neha Grady DVM', '2021-06-22 11:25:38', '2021-06-22 11:25:38'),
(942, 'Linda Jerde', 'Eileen Hagenes', 'Dr. Stephan Langworth', '2021-06-22 11:25:38', '2021-06-22 11:25:38'),
(943, 'Laurence Dooley II', 'Tyrell Abshire', 'Miss Billie Kemmer', '2021-06-22 11:25:38', '2021-06-22 11:25:38'),
(944, 'Marcelo Botsford', 'Aidan Schneider II', 'Prof. Ari Wolf IV', '2021-06-22 11:25:38', '2021-06-22 11:25:38'),
(945, 'Miss Kayla Kuphal II', 'Scarlett Mraz', 'Vernice Gottlieb Sr.', '2021-06-22 11:25:38', '2021-06-22 11:25:38'),
(946, 'Tremayne Beier', 'Justice Weissnat V', 'Ona Brakus', '2021-06-22 11:25:38', '2021-06-22 11:25:38'),
(947, 'Lonie Kirlin', 'Mrs. Kirstin Borer', 'Maxine Graham', '2021-06-22 11:25:38', '2021-06-22 11:25:38'),
(948, 'Casey Mraz', 'Mariana Rutherford', 'Larue Moore', '2021-06-22 11:25:38', '2021-06-22 11:25:38'),
(949, 'Evert Lehner', 'Kelvin Koelpin', 'Colten Wolf', '2021-06-22 11:25:38', '2021-06-22 11:25:38'),
(950, 'Luna Rodriguez', 'Elias Barrows', 'Alberto Luettgen', '2021-06-22 11:25:38', '2021-06-22 11:25:38'),
(951, 'Modesta Maggio', 'Felicita Mann', 'Ms. Stephany Welch', '2021-06-22 11:25:38', '2021-06-22 11:25:38'),
(952, 'Dr. Katherine Abshire', 'Dr. Gwendolyn Corwin', 'Myrl Parker DVM', '2021-06-22 11:25:38', '2021-06-22 11:25:38'),
(953, 'Mr. Stan Miller II', 'Dr. Laurel Waters PhD', 'Precious Gerlach', '2021-06-22 11:25:38', '2021-06-22 11:25:38'),
(954, 'Laisha Kulas', 'Hildegard Rogahn', 'Veronica Hermiston', '2021-06-22 11:25:38', '2021-06-22 11:25:38'),
(955, 'Dr. Adella Harvey', 'Ansel Tremblay DVM', 'Aurelio Koepp', '2021-06-22 11:25:38', '2021-06-22 11:25:38'),
(956, 'Bell Grant II', 'Bud McDermott', 'Alejandra Crona', '2021-06-22 11:25:38', '2021-06-22 11:25:38'),
(957, 'Dane Koepp', 'Prof. Naomie Heidenreich', 'Clyde Funk', '2021-06-22 11:25:38', '2021-06-22 11:25:38'),
(958, 'Prince Dietrich', 'Murray Jacobs', 'Anjali Johnson', '2021-06-22 11:25:38', '2021-06-22 11:25:38'),
(959, 'Mr. Kamren Sawayn', 'Lawrence Larkin', 'Otho Grimes', '2021-06-22 11:25:38', '2021-06-22 11:25:38'),
(960, 'Ottis Ward', 'Ms. Aurelia Abbott', 'Prof. Maiya D\'Amore', '2021-06-22 11:25:38', '2021-06-22 11:25:38'),
(961, 'Miss Ivy Gislason Sr.', 'Mrs. Maureen Mante', 'Domenico Waters', '2021-06-22 11:25:38', '2021-06-22 11:25:38'),
(962, 'Santos Feil', 'Otha Mosciski', 'Payton Gaylord PhD', '2021-06-22 11:25:38', '2021-06-22 11:25:38'),
(963, 'Emanuel Jones', 'Theodora Trantow', 'Dr. Calista Cummings', '2021-06-22 11:25:38', '2021-06-22 11:25:38'),
(964, 'Ayana Leffler', 'Lance Spencer', 'Dr. Kiara Waters', '2021-06-22 11:25:38', '2021-06-22 11:25:38'),
(965, 'Newton Osinski', 'Anya Feest III', 'Miss Erika Kulas IV', '2021-06-22 11:25:38', '2021-06-22 11:25:38'),
(966, 'Emanuel Simonis', 'Ed Beatty', 'Ms. Brandy Stracke MD', '2021-06-22 11:25:38', '2021-06-22 11:25:38'),
(967, 'Carlo Predovic', 'Kiley Pacocha', 'Annette Carroll MD', '2021-06-22 11:25:38', '2021-06-22 11:25:38'),
(968, 'Ms. Mittie Hermann', 'Julien Batz', 'Lou Sanford', '2021-06-22 11:25:38', '2021-06-22 11:25:38'),
(969, 'Alfreda Connelly', 'Mr. Cordell Willms', 'Daryl Osinski', '2021-06-22 11:25:38', '2021-06-22 11:25:38'),
(970, 'Johnpaul Armstrong', 'Arnulfo Bednar IV', 'Keith Streich I', '2021-06-22 11:25:38', '2021-06-22 11:25:38'),
(971, 'Moses Johns', 'Karley Tremblay', 'Belle Rath', '2021-06-22 11:25:38', '2021-06-22 11:25:38'),
(972, 'Greyson Berge', 'Lilliana Pollich', 'Everette Douglas', '2021-06-22 11:25:38', '2021-06-22 11:25:38'),
(973, 'Theodore Brekke', 'Geraldine Lockman V', 'Lucious Baumbach', '2021-06-22 11:25:38', '2021-06-22 11:25:38'),
(974, 'Lonnie Barton', 'Dr. Avis Bins MD', 'Ms. Camylle Koepp', '2021-06-22 11:25:38', '2021-06-22 11:25:38'),
(975, 'Braxton Gottlieb', 'Caleigh Daniel', 'Tobin Hodkiewicz', '2021-06-22 11:25:38', '2021-06-22 11:25:38'),
(976, 'Florence Ruecker', 'Miss Loma Greenfelder PhD', 'Lloyd Mitchell', '2021-06-22 11:25:38', '2021-06-22 11:25:38'),
(977, 'Dr. Cecilia Wuckert', 'Emerald Buckridge', 'Simeon Jacobson', '2021-06-22 11:25:38', '2021-06-22 11:25:38'),
(978, 'Jazmin Reichert', 'Karolann Mante', 'Prof. Mia Effertz', '2021-06-22 11:25:38', '2021-06-22 11:25:38'),
(979, 'Guy Mueller', 'Yadira Smitham', 'Nicole Little', '2021-06-22 11:25:38', '2021-06-22 11:25:38'),
(980, 'Sandy Wiegand', 'Mr. Helmer Weber MD', 'Gavin Collier', '2021-06-22 11:25:38', '2021-06-22 11:25:38'),
(981, 'Ramona Herman Sr.', 'Hollis Lind', 'Abdiel Romaguera', '2021-06-22 11:25:38', '2021-06-22 11:25:38'),
(982, 'Mariah D\'Amore', 'Reginald Cronin', 'Cicero Brown', '2021-06-22 11:25:38', '2021-06-22 11:25:38'),
(983, 'Jayme Langworth', 'Prof. Adriana Hayes', 'Jesus Kub DVM', '2021-06-22 11:25:38', '2021-06-22 11:25:38'),
(984, 'Charles Cormier MD', 'Bonita Streich', 'Jameson Bode', '2021-06-22 11:25:38', '2021-06-22 11:25:38'),
(985, 'Justina VonRueden', 'Fatima Farrell', 'Cali Cronin', '2021-06-22 11:25:38', '2021-06-22 11:25:38'),
(986, 'Jarrod Feil', 'Prof. Jennyfer Rogahn', 'Arlo Prosacco', '2021-06-22 11:25:38', '2021-06-22 11:25:38'),
(987, 'Skylar Hartmann', 'Elinore Stark', 'Nat McClure', '2021-06-22 11:25:38', '2021-06-22 11:25:38'),
(988, 'Kimberly Beahan', 'Ms. Malika Koepp Sr.', 'Jo Hettinger', '2021-06-22 11:25:38', '2021-06-22 11:25:38'),
(989, 'Prof. Estell Denesik IV', 'Lavonne Terry', 'Loma Quigley', '2021-06-22 11:25:38', '2021-06-22 11:25:38'),
(990, 'Royal Kling', 'Wendy Kutch', 'Abbigail Feeney', '2021-06-22 11:25:38', '2021-06-22 11:25:38'),
(991, 'Rosendo Abernathy', 'Althea Shields', 'Ken Johnston', '2021-06-22 11:25:38', '2021-06-22 11:25:38'),
(992, 'Jermaine Streich', 'Dr. Gideon Hane PhD', 'Mr. Mauricio Quigley', '2021-06-22 11:25:38', '2021-06-22 11:25:38'),
(993, 'Mr. Jaylin Schmeler', 'Shaun Carter', 'Mr. Keagan Konopelski', '2021-06-22 11:25:38', '2021-06-22 11:25:38'),
(994, 'Mr. Kaleigh Hirthe Jr.', 'Prof. Michael Powlowski', 'Evalyn Nicolas', '2021-06-22 11:25:38', '2021-06-22 11:25:38'),
(995, 'Christy Stanton', 'Jessyca Wintheiser Sr.', 'Kim Renner', '2021-06-22 11:25:38', '2021-06-22 11:25:38'),
(996, 'Moises Corwin', 'Lois Koch DDS', 'Dr. Ocie Schaefer', '2021-06-22 11:25:38', '2021-06-22 11:25:38'),
(997, 'Randall Pouros', 'Jennings Ziemann', 'Donald Bashirian Sr.', '2021-06-22 11:25:38', '2021-06-22 11:25:38'),
(998, 'Owen Deckow', 'Aric Fritsch DDS', 'Braden Swaniawski', '2021-06-22 11:25:38', '2021-06-22 11:25:38'),
(999, 'Janelle Hackett Jr.', 'Graciela Nader DDS', 'Ms. Joana Kemmer', '2021-06-22 11:25:38', '2021-06-22 11:25:38'),
(1000, 'Lonie Hamill', 'Kassandra Cormier', 'Dr. Major Hickle', '2021-06-22 11:25:38', '2021-06-22 11:25:38'),
(1001, 'Xavier Boyer Jr.', 'Myrna Luettgen', 'Ms. Mary Lindgren', '2021-06-22 11:25:38', '2021-06-22 11:25:38'),
(1002, 'Beryl Lang', 'Autumn Moen', 'Tate Blanda Sr.', '2021-06-22 11:25:38', '2021-06-22 11:25:38'),
(1003, 'Kaitlyn Orn', 'Darlene Ankunding IV', 'Ms. Destiny Kessler', '2021-06-22 11:25:38', '2021-06-22 11:25:38'),
(1004, 'Suzanne Huel', 'Hudson Stokes', 'Xzavier Bauch I', '2021-06-22 11:25:38', '2021-06-22 11:25:38'),
(1005, 'Art Donnelly', 'Prof. Wilfrid Hahn Sr.', 'Prof. Tyson Bradtke DDS', '2021-06-22 11:25:38', '2021-06-22 11:25:38'),
(1006, 'Garnet Marquardt', 'Victoria Hand', 'Daren Sauer', '2021-06-22 11:25:38', '2021-06-22 11:25:38'),
(1007, 'Zackery Schuppe', 'Vivianne Turner', 'Tierra Sauer MD', '2021-06-22 11:25:38', '2021-06-22 11:25:38'),
(1008, 'Mr. Roderick Kassulke', 'Ova Skiles II', 'Sadie Borer', '2021-06-22 11:25:38', '2021-06-22 11:25:38'),
(1009, 'Bailey Powlowski', 'Diego Gottlieb', 'Miss Ayla Reilly III', '2021-06-22 11:25:38', '2021-06-22 11:25:38'),
(1010, 'Zelma Littel IV', 'Jayson Yundt', 'Virgie Wolff I', '2021-06-22 11:25:38', '2021-06-22 11:25:38'),
(1011, 'Glenda Rath Sr.', 'Dr. Janis Gleichner Jr.', 'Lowell White', '2021-06-22 11:25:38', '2021-06-22 11:25:38'),
(1012, 'Adrianna Bernhard', 'Germaine Steuber', 'Zena Dicki', '2021-06-22 11:25:38', '2021-06-22 11:25:38'),
(1013, 'Miss Ivy Klein I', 'Aurore Block', 'Misael Erdman', '2021-06-22 11:25:38', '2021-06-22 11:25:38'),
(1014, 'Miss Fleta Keeling II', 'Joseph Hauck Sr.', 'Isadore Farrell III', '2021-06-22 11:25:38', '2021-06-22 11:25:38'),
(1015, 'Jessyca D\'Amore', 'Santina Brekke', 'Prof. Stephania McKenzie IV', '2021-06-22 11:25:38', '2021-06-22 11:25:38'),
(1016, 'Kara Koss', 'Reggie Lubowitz', 'Hailee Bauch', '2021-06-22 11:25:38', '2021-06-22 11:25:38'),
(1017, 'Ms. Roxane Goodwin', 'Jude Rosenbaum', 'Jadyn Schroeder', '2021-06-22 11:25:38', '2021-06-22 11:25:38'),
(1018, 'Enola Eichmann', 'Lesley Armstrong', 'Prof. Shana Bahringer DVM', '2021-06-22 11:25:38', '2021-06-22 11:25:38'),
(1019, 'Aidan McDermott', 'Dr. Olin Langworth', 'Mr. Milton Von MD', '2021-06-22 11:25:38', '2021-06-22 11:25:38'),
(1020, 'Annabelle Parisian DVM', 'Nicola Hoeger DVM', 'Lillie Stroman', '2021-06-22 11:25:38', '2021-06-22 11:25:38'),
(1021, 'Miss Lera Connelly Sr.', 'Mr. Gaetano Aufderhar DVM', 'Vincent Jones', '2021-06-22 11:25:38', '2021-06-22 11:25:38'),
(1022, 'Nona Schroeder', 'Zechariah Wintheiser', 'Dr. Breanne Runolfsson', '2021-06-22 11:25:38', '2021-06-22 11:25:38'),
(1023, 'Emelie Wiza', 'Piper Becker', 'Brenda Reinger', '2021-06-22 11:25:38', '2021-06-22 11:25:38'),
(1024, 'Pansy Kling', 'Madge Bauch', 'Weston Kertzmann', '2021-06-22 11:25:38', '2021-06-22 11:25:38'),
(1025, 'Prof. Alfonso Wunsch', 'Dr. Afton Jast I', 'Leann Kohler I', '2021-06-22 11:25:38', '2021-06-22 11:25:38'),
(1026, 'Amya Schaefer', 'Deanna Kuhlman', 'George Cummerata', '2021-06-22 11:25:38', '2021-06-22 11:25:38'),
(1027, 'Aisha Kuhic', 'Hipolito Koelpin', 'Terry Deckow Sr.', '2021-06-22 11:25:38', '2021-06-22 11:25:38'),
(1028, 'Roselyn Wisoky', 'Prof. Dorian Tillman', 'Dr. Macy Bartell MD', '2021-06-22 11:25:38', '2021-06-22 11:25:38'),
(1029, 'Garland Baumbach', 'Prof. Shannon Rau', 'Ken Wehner MD', '2021-06-22 11:25:38', '2021-06-22 11:25:38'),
(1030, 'Julianne Buckridge', 'Myles Frami', 'Roscoe Kshlerin', '2021-06-22 11:25:38', '2021-06-22 11:25:38'),
(1031, 'Dr. Elmer Sawayn', 'Kallie Herman', 'Josie Lebsack', '2021-06-22 11:25:38', '2021-06-22 11:25:38'),
(1032, 'Jazmin Thiel', 'Ike Spinka', 'Prof. Douglas Maggio III', '2021-06-22 11:25:38', '2021-06-22 11:25:38'),
(1033, 'Mabelle Nader', 'Frieda O\'Kon', 'Elise Champlin', '2021-06-22 11:25:38', '2021-06-22 11:25:38'),
(1034, 'Mr. Kamren Weissnat', 'Bailee Dooley', 'Kiara Wolf III', '2021-06-22 11:25:38', '2021-06-22 11:25:38'),
(1035, 'Chase Weimann', 'Rosina Weimann', 'Randal Yost III', '2021-06-22 11:25:38', '2021-06-22 11:25:38'),
(1036, 'Kiera Harvey', 'Kiana Ondricka', 'Winston Reilly IV', '2021-06-22 11:25:38', '2021-06-22 11:25:38'),
(1037, 'Jaylan Ledner', 'Reva Senger', 'Pat Schaefer DVM', '2021-06-22 11:25:38', '2021-06-22 11:25:38'),
(1038, 'Delfina Hickle Jr.', 'Alysa Dooley', 'Fabian Welch', '2021-06-22 11:25:38', '2021-06-22 11:25:38'),
(1039, 'Dr. Rahul Morar', 'Dr. Roscoe Schroeder', 'Ivy Greenfelder', '2021-06-22 11:25:38', '2021-06-22 11:25:38'),
(1040, 'Nola Shields', 'Jacquelyn Fisher', 'Zella Nitzsche', '2021-06-22 11:25:38', '2021-06-22 11:25:38'),
(1041, 'Shea West', 'Dr. Annamarie Nicolas IV', 'Savanah Lebsack IV', '2021-06-22 11:25:38', '2021-06-22 11:25:38'),
(1042, 'Ms. Antonetta Quitzon Jr.', 'Stephon Tremblay', 'Ms. Amelia Walker DVM', '2021-06-22 11:25:38', '2021-06-22 11:25:38'),
(1043, 'Natasha Wunsch', 'Eloy Corwin', 'Oral Schumm', '2021-06-22 11:25:38', '2021-06-22 11:25:38'),
(1044, 'Alysson Fisher', 'Mr. Delbert Ankunding MD', 'Bella Lemke', '2021-06-22 11:25:38', '2021-06-22 11:25:38'),
(1045, 'Lula O\'Conner V', 'Rupert Gleichner', 'Colt Wisoky', '2021-06-22 11:25:38', '2021-06-22 11:25:38'),
(1046, 'Leila Swift', 'Prof. Harvey Friesen I', 'Miss Piper Bednar V', '2021-06-22 11:25:38', '2021-06-22 11:25:38'),
(1047, 'Garrick Gibson', 'Prof. Brando Gerhold DVM', 'Turner Sauer', '2021-06-22 11:25:38', '2021-06-22 11:25:38'),
(1048, 'Mr. Quinten Kovacek', 'Ms. Lilliana Blanda', 'Alysa Boyle', '2021-06-22 11:25:38', '2021-06-22 11:25:38'),
(1049, 'Wanda Beahan', 'Haven Morar', 'Agustin Fisher DVM', '2021-06-22 11:25:38', '2021-06-22 11:25:38'),
(1050, 'Ms. Margie Kuhlman', 'Cody Nienow', 'Dan Rutherford', '2021-06-22 11:25:38', '2021-06-22 11:25:38'),
(1051, 'Alexandrine Walker', 'Aylin Walker', 'Schuyler Hill', '2021-06-22 11:25:38', '2021-06-22 11:25:38'),
(1052, 'Mr. Nicolas Grimes', 'Eduardo Will', 'Tania Reynolds DVM', '2021-06-22 11:25:38', '2021-06-22 11:25:38'),
(1053, 'Mrs. Fabiola Rodriguez Sr.', 'Roberto Nolan', 'Benjamin Schumm', '2021-06-22 11:25:38', '2021-06-22 11:25:38'),
(1054, 'Roger Runolfsson', 'Prof. Serenity Wolf', 'Dr. Moses Spencer', '2021-06-22 11:25:38', '2021-06-22 11:25:38'),
(1055, 'Otis Wiza', 'Cynthia Roob', 'Amya Rogahn', '2021-06-22 11:25:38', '2021-06-22 11:25:38'),
(1056, 'Ophelia Howe', 'Ms. Elfrieda Mayer', 'Kenneth Oberbrunner IV', '2021-06-22 11:25:38', '2021-06-22 11:25:38'),
(1057, 'Dr. Zelma Veum V', 'Rozella Rutherford', 'Camila Schuster', '2021-06-22 11:25:38', '2021-06-22 11:25:38'),
(1058, 'Mavis Mills', 'Davin White', 'Garland Huel', '2021-06-22 11:25:38', '2021-06-22 11:25:38'),
(1059, 'Lora Waelchi', 'Mrs. Martine Paucek V', 'Ms. Maude Gerlach', '2021-06-22 11:25:38', '2021-06-22 11:25:38'),
(1060, 'Danielle Dooley', 'Dr. Noble Moen Sr.', 'Mrs. Jennifer DuBuque', '2021-06-22 11:25:38', '2021-06-22 11:25:38'),
(1061, 'Anne Willms', 'Briana Gleichner', 'Kareem Wolff', '2021-06-22 11:25:38', '2021-06-22 11:25:38'),
(1062, 'Dr. Devan Boyle', 'Henry Dach III', 'Lester Huel', '2021-06-22 11:25:38', '2021-06-22 11:25:38'),
(1063, 'Prof. Haley Hackett', 'Prof. Richard Littel Sr.', 'Cristal Ritchie', '2021-06-22 11:25:38', '2021-06-22 11:25:38'),
(1064, 'Prof. Mavis Welch', 'Vida Marvin', 'Amos Heathcote', '2021-06-22 11:25:38', '2021-06-22 11:25:38'),
(1065, 'Cynthia Stark', 'Irwin Torp', 'Dr. Humberto Douglas', '2021-06-22 11:25:38', '2021-06-22 11:25:38'),
(1066, 'Abbey Hyatt', 'Frederic Swift', 'Beatrice Lehner', '2021-06-22 11:25:38', '2021-06-22 11:25:38'),
(1067, 'Cale Medhurst', 'Willie Mitchell', 'Reed Feest', '2021-06-22 11:25:38', '2021-06-22 11:25:38'),
(1068, 'Cale Cremin', 'Prof. Kayden Langosh IV', 'Carroll Kovacek', '2021-06-22 11:25:38', '2021-06-22 11:25:38'),
(1069, 'Dolly Conroy MD', 'Dr. Walter Kuphal V', 'Domingo Hintz', '2021-06-22 11:25:38', '2021-06-22 11:25:38'),
(1070, 'Celestino Emard', 'Blair Will', 'Elena Schowalter', '2021-06-22 11:25:38', '2021-06-22 11:25:38'),
(1071, 'Dr. Hugh Towne', 'Prof. Pearline Erdman', 'Jared Brekke', '2021-06-22 11:25:38', '2021-06-22 11:25:38'),
(1072, 'Elian Fritsch', 'Misael Huels', 'Mr. Chadrick Dibbert', '2021-06-22 11:25:38', '2021-06-22 11:25:38'),
(1073, 'Sofia Braun', 'Javonte Keebler', 'Dr. Joel Collier', '2021-06-22 11:25:38', '2021-06-22 11:25:38'),
(1074, 'Dorothy Harber I', 'Prof. Sandrine Franecki DVM', 'Dr. Valentin Abshire PhD', '2021-06-22 11:25:38', '2021-06-22 11:25:38'),
(1075, 'Allison Graham IV', 'Prof. Ethyl Schaden Sr.', 'Amya Harvey', '2021-06-22 11:25:38', '2021-06-22 11:25:38'),
(1076, 'Marion Price', 'Osborne Rau', 'Julien Morissette PhD', '2021-06-22 11:25:38', '2021-06-22 11:25:38'),
(1077, 'Alana Stokes I', 'Stephen Hegmann', 'Paige Heidenreich', '2021-06-22 11:25:38', '2021-06-22 11:25:38'),
(1078, 'Uriel Harvey', 'Amelie Mraz V', 'Theo Schuster DDS', '2021-06-22 11:25:38', '2021-06-22 11:25:38'),
(1079, 'Prof. Nikita Wilkinson IV', 'Diego O\'Reilly', 'Anastasia Heidenreich', '2021-06-22 11:25:38', '2021-06-22 11:25:38'),
(1080, 'Eugene Grimes', 'Shakira Bednar', 'Kirsten Goldner', '2021-06-22 11:25:38', '2021-06-22 11:25:38'),
(1081, 'Drake Bradtke', 'Veronica Zemlak MD', 'Tierra Hills I', '2021-06-22 11:25:38', '2021-06-22 11:25:38'),
(1082, 'Dr. Darrin Steuber', 'River Jenkins', 'Prof. Guiseppe Little', '2021-06-22 11:25:38', '2021-06-22 11:25:38'),
(1083, 'Lacey Schoen Sr.', 'Jordane Reichel', 'Reva Gutmann', '2021-06-22 11:25:38', '2021-06-22 11:25:38'),
(1084, 'Kurt Grady', 'Gianni Johnson I', 'Delilah Swaniawski', '2021-06-22 11:25:38', '2021-06-22 11:25:38'),
(1085, 'Rosemary Lehner MD', 'Rosalyn Strosin', 'Dr. Nella Doyle', '2021-06-22 11:25:38', '2021-06-22 11:25:38'),
(1086, 'Keeley Weber', 'Hailie Thompson', 'Mrs. Maureen Kutch I', '2021-06-22 11:25:38', '2021-06-22 11:25:38'),
(1087, 'Burley Jones', 'Mr. Keegan Conroy MD', 'Minnie Tillman', '2021-06-22 11:25:38', '2021-06-22 11:25:38'),
(1088, 'Estelle Kilback', 'Cordia Jacobson', 'Dr. Kayden Langosh', '2021-06-22 11:25:38', '2021-06-22 11:25:38'),
(1089, 'Prof. Sarah Schoen Jr.', 'Sean Kautzer', 'Vernice Will', '2021-06-22 11:25:38', '2021-06-22 11:25:38'),
(1090, 'Kaleb Mitchell', 'Dr. Kelly Sipes DVM', 'Gavin Yost', '2021-06-22 11:25:38', '2021-06-22 11:25:38'),
(1091, 'Isabell Sporer DVM', 'Burdette Osinski', 'Prof. Anastacio Jacobs PhD', '2021-06-22 11:25:38', '2021-06-22 11:25:38'),
(1092, 'Janie Lockman Jr.', 'Prof. Brown King', 'Arlene Jacobs', '2021-06-22 11:25:38', '2021-06-22 11:25:38'),
(1093, 'Dr. Chance Gutkowski', 'Junius Senger', 'Valerie Wintheiser', '2021-06-22 11:25:38', '2021-06-22 11:25:38'),
(1094, 'Trystan Pacocha', 'Christa Gleichner', 'Tillman Daniel', '2021-06-22 11:25:38', '2021-06-22 11:25:38'),
(1095, 'Samara Hegmann DDS', 'Lucinda Hansen', 'Princess Stokes', '2021-06-22 11:25:38', '2021-06-22 11:25:38'),
(1096, 'Prof. Buford Zemlak', 'Mrs. Lelah Wolf IV', 'Yessenia Daniel', '2021-06-22 11:25:38', '2021-06-22 11:25:38'),
(1097, 'Jaunita Prohaska', 'Ms. Patience Labadie', 'Zachariah Boyer', '2021-06-22 11:25:38', '2021-06-22 11:25:38'),
(1098, 'Korbin Abernathy', 'Ola Cassin', 'Geovanny Schumm II', '2021-06-22 11:25:38', '2021-06-22 11:25:38'),
(1099, 'Bruce Bogan', 'Miss Eleanore Ebert I', 'Mina Corkery', '2021-06-22 11:25:38', '2021-06-22 11:25:38'),
(1100, 'Dr. Madyson Rodriguez PhD', 'Durward Jast', 'Rudy Wisozk MD', '2021-06-22 11:25:38', '2021-06-22 11:25:38'),
(1101, 'Diana Harris', 'Jennie Lueilwitz', 'Bethel Schamberger PhD', '2021-06-22 11:27:25', '2021-06-22 11:27:25'),
(1102, 'Myriam Fahey', 'Terence Bogan', 'Ottilie Kris', '2021-06-22 11:27:25', '2021-06-22 11:27:25'),
(1103, 'Ms. Roma Weimann', 'Mack Schamberger V', 'Bulah Swaniawski DDS', '2021-06-22 11:27:25', '2021-06-22 11:27:25'),
(1104, 'Annette Olson', 'Freeman Funk', 'Adelle Nikolaus', '2021-06-22 11:27:25', '2021-06-22 11:27:25'),
(1105, 'Albertha McDermott', 'Garret Beahan', 'Bonnie Bode', '2021-06-22 11:27:25', '2021-06-22 11:27:25'),
(1106, 'Luciano Lebsack', 'Mr. Preston O\'Conner DDS', 'Prof. Helmer Kiehn', '2021-06-22 11:27:25', '2021-06-22 11:27:25'),
(1107, 'Jettie Bogisich', 'Jerry Kirlin', 'Cathy Lowe', '2021-06-22 11:27:25', '2021-06-22 11:27:25'),
(1108, 'Prof. Jan Thompson', 'Kianna Mitchell I', 'Nedra Prohaska III', '2021-06-22 11:27:25', '2021-06-22 11:27:25'),
(1109, 'Mable Corkery', 'Roxane Lehner', 'Maria Emard', '2021-06-22 11:27:25', '2021-06-22 11:27:25'),
(1110, 'Napoleon Murazik', 'Mrs. Carmen Effertz', 'Danielle Morissette', '2021-06-22 11:27:25', '2021-06-22 11:27:25'),
(1111, 'Miss Astrid Roob MD', 'Abigail Rempel DVM', 'Antwan West', '2021-06-22 11:27:25', '2021-06-22 11:27:25'),
(1112, 'Julien Davis', 'Russ Walker', 'Ms. Hermina Price', '2021-06-22 11:27:25', '2021-06-22 11:27:25'),
(1113, 'Lottie O\'Reilly', 'Mr. Jovanny Lehner DDS', 'Sigurd Muller', '2021-06-22 11:27:25', '2021-06-22 11:27:25'),
(1114, 'Wilfred Cronin', 'Palma Botsford', 'Miss Annalise Gutmann', '2021-06-22 11:27:25', '2021-06-22 11:27:25'),
(1115, 'Yvonne Strosin', 'Dr. Jamarcus Nicolas II', 'Tia Dicki Sr.', '2021-06-22 11:27:25', '2021-06-22 11:27:25'),
(1116, 'Mr. Hugh Howe III', 'Alyce Schiller', 'Nelson Heaney', '2021-06-22 11:27:25', '2021-06-22 11:27:25'),
(1117, 'Asha Hegmann', 'Mr. Jack Luettgen III', 'Antonina Douglas', '2021-06-22 11:27:25', '2021-06-22 11:27:25'),
(1118, 'Frida Hauck', 'Elwyn Hintz Sr.', 'Loraine Crooks', '2021-06-22 11:27:25', '2021-06-22 11:27:25'),
(1119, 'Deion Kirlin', 'Roosevelt Pacocha', 'Emmanuelle Homenick', '2021-06-22 11:27:25', '2021-06-22 11:27:25'),
(1120, 'Laurence Green', 'Gail Waters', 'Savion Herzog', '2021-06-22 11:27:25', '2021-06-22 11:27:25'),
(1121, 'Shany Nader', 'Sylvia Crist', 'Marilie Pfannerstill', '2021-06-22 11:27:25', '2021-06-22 11:27:25'),
(1122, 'Romaine Brekke PhD', 'Domenick Botsford', 'Prof. Milton Wunsch III', '2021-06-22 11:27:25', '2021-06-22 11:27:25'),
(1123, 'Prof. Gussie Schimmel', 'Morton Kiehn DVM', 'Kayli Brown V', '2021-06-22 11:27:25', '2021-06-22 11:27:25'),
(1124, 'Alysa Bernhard MD', 'Prof. Jayden Langworth', 'Dr. Jesus Gulgowski', '2021-06-22 11:27:25', '2021-06-22 11:27:25'),
(1125, 'Devan Lueilwitz', 'Dr. Margarita Parisian', 'Shaylee Kulas', '2021-06-22 11:27:25', '2021-06-22 11:27:25'),
(1126, 'Mrs. Mckayla Roberts PhD', 'Aliya Hand MD', 'Eunice Bogisich', '2021-06-22 11:27:25', '2021-06-22 11:27:25'),
(1127, 'Lenore Murphy', 'Loyal Strosin III', 'Dr. Devan Thompson Sr.', '2021-06-22 11:27:25', '2021-06-22 11:27:25'),
(1128, 'Rhoda Pagac', 'Marguerite Kreiger', 'Jess Goyette', '2021-06-22 11:27:25', '2021-06-22 11:27:25'),
(1129, 'Friedrich Stroman', 'Dillon Terry', 'Brandyn Veum', '2021-06-22 11:27:25', '2021-06-22 11:27:25'),
(1130, 'Felicity Haley', 'Axel Fay', 'Idell Waters', '2021-06-22 11:27:25', '2021-06-22 11:27:25'),
(1131, 'Will Olson', 'Antonina Upton', 'Dr. Devonte Stark Sr.', '2021-06-22 11:27:25', '2021-06-22 11:27:25'),
(1132, 'Adella Kris', 'Dr. Jayden McGlynn', 'Dr. Dean Satterfield PhD', '2021-06-22 11:27:25', '2021-06-22 11:27:25'),
(1133, 'Elmer Deckow', 'Megane Jacobs', 'Esta Ratke', '2021-06-22 11:27:25', '2021-06-22 11:27:25'),
(1134, 'Giovanny Gutmann', 'Joana Carroll', 'Prof. Mathias Herzog Jr.', '2021-06-22 11:27:25', '2021-06-22 11:27:25'),
(1135, 'Josefa Becker PhD', 'Prof. Mike Kerluke', 'Ashtyn Moen', '2021-06-22 11:27:25', '2021-06-22 11:27:25'),
(1136, 'Tyson Nolan', 'Keeley Shanahan', 'Valentine Wolf MD', '2021-06-22 11:27:25', '2021-06-22 11:27:25'),
(1137, 'Bobby Leannon', 'Hope Reichel', 'Gennaro Langworth I', '2021-06-22 11:27:25', '2021-06-22 11:27:25'),
(1138, 'Dr. Darren Cruickshank', 'America Morar', 'Mayra Zieme', '2021-06-22 11:27:25', '2021-06-22 11:27:25'),
(1139, 'Name Smitham', 'Dr. Nikki Lemke', 'Salvatore Bartell', '2021-06-22 11:27:25', '2021-06-22 11:27:25'),
(1140, 'Dianna Crooks', 'Elenora Goodwin', 'Glenda Harris', '2021-06-22 11:27:25', '2021-06-22 11:27:25'),
(1141, 'Kraig Hodkiewicz', 'Edgardo Daniel', 'Dewayne King', '2021-06-22 11:27:25', '2021-06-22 11:27:25'),
(1142, 'Prof. Dennis Schinner', 'Cristina Sporer', 'Emmanuelle Russel', '2021-06-22 11:27:25', '2021-06-22 11:27:25'),
(1143, 'Jakayla Haag III', 'Kade Shields', 'Ms. Guadalupe Bode', '2021-06-22 11:27:25', '2021-06-22 11:27:25'),
(1144, 'Keshawn Tillman', 'Quinn Schimmel Sr.', 'Osvaldo Hand DVM', '2021-06-22 11:27:25', '2021-06-22 11:27:25'),
(1145, 'Lurline Rogahn', 'Calista Schaden', 'Nils Green', '2021-06-22 11:27:25', '2021-06-22 11:27:25'),
(1146, 'Lelah Ziemann', 'Ms. Gabrielle Wunsch', 'Prof. Grace Kemmer', '2021-06-22 11:27:25', '2021-06-22 11:27:25'),
(1147, 'Billy Hudson Jr.', 'Tate Prosacco', 'Michel Douglas I', '2021-06-22 11:27:25', '2021-06-22 11:27:25'),
(1148, 'Jeanne Reilly', 'Miles Nienow', 'Carmen Gislason DDS', '2021-06-22 11:27:25', '2021-06-22 11:27:25'),
(1149, 'Salma Hoppe', 'Etha Dare', 'Peggie Koepp', '2021-06-22 11:27:25', '2021-06-22 11:27:25'),
(1150, 'Steve Morissette', 'Prof. Leon West', 'Elwin Bauch', '2021-06-22 11:27:25', '2021-06-22 11:27:25'),
(1151, 'Morton Crist', 'Freddie Howe', 'Romaine Doyle', '2021-06-22 11:27:25', '2021-06-22 11:27:25'),
(1152, 'Ms. Marlene Homenick Sr.', 'Dino Blick', 'Gerry Wolff III', '2021-06-22 11:27:25', '2021-06-22 11:27:25'),
(1153, 'Rubye Herzog', 'Cyril Bruen', 'Luella Jaskolski', '2021-06-22 11:27:25', '2021-06-22 11:27:25'),
(1154, 'Dr. Nathen Rutherford II', 'Prof. Neha Kihn', 'Mrs. Cheyenne Rosenbaum', '2021-06-22 11:27:25', '2021-06-22 11:27:25'),
(1155, 'Manuela Waelchi', 'Ms. Duane Mosciski', 'Ayden Huel PhD', '2021-06-22 11:27:25', '2021-06-22 11:27:25'),
(1156, 'Velda Bergstrom', 'Ricardo Howell II', 'Meaghan Hills', '2021-06-22 11:27:25', '2021-06-22 11:27:25'),
(1157, 'Joel Gutmann', 'Julia Tillman PhD', 'Fabian Kunze', '2021-06-22 11:27:25', '2021-06-22 11:27:25'),
(1158, 'Mrs. Zena Gislason', 'Dr. Zella Corwin', 'Prof. Horacio Runolfsson', '2021-06-22 11:27:25', '2021-06-22 11:27:25'),
(1159, 'Domenico Emmerich PhD', 'Jocelyn Cummerata III', 'Dr. Hayden Abbott', '2021-06-22 11:27:25', '2021-06-22 11:27:25'),
(1160, 'Prof. Louisa Tillman Sr.', 'Frankie Gerhold', 'Rocky Rice', '2021-06-22 11:27:25', '2021-06-22 11:27:25'),
(1161, 'Prof. Vicente Abernathy', 'Clare Pollich II', 'Jamarcus Moen', '2021-06-22 11:27:25', '2021-06-22 11:27:25'),
(1162, 'Mariam Goldner', 'Jacinto Crona', 'Don Brekke', '2021-06-22 11:27:25', '2021-06-22 11:27:25'),
(1163, 'Imelda Wyman', 'Miss Marlene Willms IV', 'Mrs. Kaycee Nicolas', '2021-06-22 11:27:25', '2021-06-22 11:27:25'),
(1164, 'Cristian Schmitt', 'Dorothea Jerde', 'Stuart Bogan', '2021-06-22 11:27:25', '2021-06-22 11:27:25'),
(1165, 'Emmanuelle Medhurst', 'Prof. Eudora Greenholt IV', 'Dr. Terrell Emard V', '2021-06-22 11:27:25', '2021-06-22 11:27:25'),
(1166, 'Miss Lysanne Carter', 'Modesto Buckridge', 'Jermain Schowalter IV', '2021-06-22 11:27:25', '2021-06-22 11:27:25'),
(1167, 'Dr. Troy Heathcote', 'Maxime Wiegand', 'Meda Bernhard', '2021-06-22 11:27:25', '2021-06-22 11:27:25'),
(1168, 'Prof. Xzavier Kassulke I', 'Tyrique Murray IV', 'Janice Kirlin V', '2021-06-22 11:27:25', '2021-06-22 11:27:25'),
(1169, 'Mariane Carter', 'Lulu Prohaska', 'Jude Daugherty', '2021-06-22 11:27:25', '2021-06-22 11:27:25'),
(1170, 'Miss Hillary Konopelski', 'Lance Block Sr.', 'Miss Daija Prohaska DDS', '2021-06-22 11:27:25', '2021-06-22 11:27:25'),
(1171, 'Annette Harvey', 'Trevion Spinka DDS', 'Dee Flatley', '2021-06-22 11:27:25', '2021-06-22 11:27:25'),
(1172, 'Arnaldo Kutch', 'Dr. Angus Blanda', 'Mr. Isac Schinner', '2021-06-22 11:27:25', '2021-06-22 11:27:25'),
(1173, 'Miss Veronica Herzog II', 'Willy Mitchell DVM', 'Allie Roberts II', '2021-06-22 11:27:25', '2021-06-22 11:27:25'),
(1174, 'Mia Denesik', 'Gino Rogahn I', 'Eleanora Treutel', '2021-06-22 11:27:25', '2021-06-22 11:27:25'),
(1175, 'Katlyn Rodriguez', 'Melany Hayes', 'Simeon Block', '2021-06-22 11:27:25', '2021-06-22 11:27:25'),
(1176, 'Florida Luettgen', 'Josiane Schmitt', 'Dr. Albina Daugherty Jr.', '2021-06-22 11:27:25', '2021-06-22 11:27:25'),
(1177, 'Rickie Barton', 'Mr. Zechariah Marquardt I', 'Susan Wilkinson', '2021-06-22 11:27:25', '2021-06-22 11:27:25'),
(1178, 'Prof. Diego Greenholt MD', 'Mr. Quinn Willms', 'Kian Reynolds', '2021-06-22 11:27:25', '2021-06-22 11:27:25'),
(1179, 'Dr. Lester Tremblay II', 'Orville Rath', 'Camilla Hodkiewicz II', '2021-06-22 11:27:25', '2021-06-22 11:27:25'),
(1180, 'Lorenzo Leuschke', 'Barbara Roberts', 'Abel Thiel', '2021-06-22 11:27:25', '2021-06-22 11:27:25'),
(1181, 'Jon Bruen Sr.', 'Ms. Taryn Harvey DVM', 'Dr. Horace Dickinson PhD', '2021-06-22 11:27:25', '2021-06-22 11:27:25'),
(1182, 'Dan Abbott Sr.', 'Dolores Windler Sr.', 'Marilou Hermann', '2021-06-22 11:27:25', '2021-06-22 11:27:25'),
(1183, 'Dr. Alexandria McCullough', 'Prof. Georgianna Ernser DDS', 'Mrs. Astrid Mraz', '2021-06-22 11:27:25', '2021-06-22 11:27:25'),
(1184, 'Ms. Sydni Bogan', 'Lori Kozey', 'Prof. Clair Emmerich Jr.', '2021-06-22 11:27:25', '2021-06-22 11:27:25'),
(1185, 'Dr. Forrest Bartoletti', 'Aniyah Armstrong', 'Mack Keeling', '2021-06-22 11:27:25', '2021-06-22 11:27:25'),
(1186, 'Mr. Kevin Pfannerstill', 'Kariane Green', 'Nick Koss', '2021-06-22 11:27:25', '2021-06-22 11:27:25'),
(1187, 'Elvie McClure', 'Alayna Rosenbaum', 'Buster Monahan', '2021-06-22 11:27:25', '2021-06-22 11:27:25'),
(1188, 'Mrs. Katrine D\'Amore', 'Paige Zulauf', 'Tamara Bins PhD', '2021-06-22 11:27:25', '2021-06-22 11:27:25'),
(1189, 'Alfredo Balistreri', 'Miss Hope Terry Sr.', 'Sigrid Walker', '2021-06-22 11:27:25', '2021-06-22 11:27:25'),
(1190, 'Amely Denesik', 'Amiya Thiel', 'Mr. Maximo Ondricka', '2021-06-22 11:27:25', '2021-06-22 11:27:25'),
(1191, 'Rosetta Schinner MD', 'Dr. Nikki Ritchie III', 'Ms. Naomie Purdy', '2021-06-22 11:27:25', '2021-06-22 11:27:25'),
(1192, 'Everette Ullrich', 'Evert Reichel', 'Reyna Ledner', '2021-06-22 11:27:25', '2021-06-22 11:27:25'),
(1193, 'Nellie Bogisich', 'Dr. Will Stark V', 'Lucious DuBuque', '2021-06-22 11:27:25', '2021-06-22 11:27:25'),
(1194, 'Prof. Ezequiel Klein Jr.', 'Enid Wehner DVM', 'Arnaldo Heller', '2021-06-22 11:27:25', '2021-06-22 11:27:25'),
(1195, 'Dr. Greyson Cormier II', 'Margarett Wehner', 'Cordell Cartwright', '2021-06-22 11:27:25', '2021-06-22 11:27:25'),
(1196, 'Yasmine Rolfson', 'Prof. Zoie Rice II', 'Shanel Zieme', '2021-06-22 11:27:25', '2021-06-22 11:27:25'),
(1197, 'Joana Hane II', 'Rosemarie Miller', 'Ms. Abagail Kuhlman I', '2021-06-22 11:27:25', '2021-06-22 11:27:25'),
(1198, 'Sigrid Kunde IV', 'Royce Leannon', 'Adan Renner II', '2021-06-22 11:27:25', '2021-06-22 11:27:25'),
(1199, 'Gerson Jacobs', 'Kaylie Hagenes', 'Carolanne Medhurst V', '2021-06-22 11:27:25', '2021-06-22 11:27:25'),
(1200, 'Marlen Kub', 'Miss Stephany Heidenreich', 'Roma Bahringer', '2021-06-22 11:27:25', '2021-06-22 11:27:25');
--
-- Database: `test`
--
CREATE DATABASE IF NOT EXISTS `test` DEFAULT CHARACTER SET latin1 COLLATE latin1_swedish_ci;
USE `test`;

-- --------------------------------------------------------

--
-- Table structure for table `migrations`
--

DROP TABLE IF EXISTS `migrations`;
CREATE TABLE IF NOT EXISTS `migrations` (
  `id` int(10) UNSIGNED NOT NULL AUTO_INCREMENT,
  `migration` varchar(255) COLLATE utf8mb4_unicode_ci NOT NULL,
  `batch` int(11) NOT NULL,
  PRIMARY KEY (`id`)
) ENGINE=MyISAM AUTO_INCREMENT=2 DEFAULT CHARSET=utf8mb4 COLLATE=utf8mb4_unicode_ci;

--
-- Dumping data for table `migrations`
--

INSERT INTO `migrations` (`id`, `migration`, `batch`) VALUES
(1, '2021_07_06_201612_create_posts_table', 1);

-- --------------------------------------------------------

--
-- Table structure for table `posts`
--

DROP TABLE IF EXISTS `posts`;
CREATE TABLE IF NOT EXISTS `posts` (
  `id` bigint(20) UNSIGNED NOT NULL AUTO_INCREMENT,
  `title` varchar(255) COLLATE utf8mb4_unicode_ci NOT NULL,
  `body` varchar(255) COLLATE utf8mb4_unicode_ci NOT NULL,
  `created_at` timestamp NULL DEFAULT NULL,
  `updated_at` timestamp NULL DEFAULT NULL,
  PRIMARY KEY (`id`)
) ENGINE=MyISAM AUTO_INCREMENT=22 DEFAULT CHARSET=utf8mb4 COLLATE=utf8mb4_unicode_ci;

--
-- Dumping data for table `posts`
--

INSERT INTO `posts` (`id`, `title`, `body`, `created_at`, `updated_at`) VALUES
(3, 'da lay', 'da lay', '2021-07-06 13:19:22', '2021-07-06 13:42:10'),
(4, 'Alivia Pacocha', 'Margaret Rogahn', '2021-07-06 13:19:22', '2021-07-06 13:19:22'),
(5, 'Miss Una Simonis', 'Willa Marquardt', '2021-07-06 13:19:22', '2021-07-06 13:19:22'),
(6, 'Leonardo Veum', 'Dr. Milford Lind MD', '2021-07-06 13:19:22', '2021-07-06 13:19:22'),
(7, 'Jena Deckow', 'Kip Wuckert V', '2021-07-06 13:19:22', '2021-07-06 13:19:22'),
(8, 'Izabella O\'Hara', 'Corrine Schimmel', '2021-07-06 13:19:22', '2021-07-06 13:19:22'),
(9, 'Miss Charlotte Roob', 'Prof. Fredy Bosco', '2021-07-06 13:19:22', '2021-07-06 13:19:22'),
(10, 'Delfina Pfeffer', 'Elta Bahringer DDS', '2021-07-06 13:19:22', '2021-07-06 13:19:22'),
(11, 'Fanny Walsh MD', 'Devin Stiedemann', '2021-07-06 13:19:22', '2021-07-06 13:19:22'),
(12, 'Kendall Sauer III', 'Dewayne Littel', '2021-07-06 13:19:22', '2021-07-06 13:19:22'),
(13, 'Miss Kaci Marquardt Sr.', 'Tiana Hane', '2021-07-06 13:19:22', '2021-07-06 13:19:22'),
(14, 'Dr. Bonnie Bashirian DVM', 'Dr. Monte Murray', '2021-07-06 13:19:22', '2021-07-06 13:19:22'),
(15, 'Prof. Collin Boyer Jr.', 'Yolanda Rogahn Sr.', '2021-07-06 13:19:22', '2021-07-06 13:19:22'),
(16, 'Dameon Schoen Jr.', 'Joey Collier I', '2021-07-06 13:19:22', '2021-07-06 13:19:22'),
(17, 'Dr. Roma Ortiz DVM', 'Mr. Narciso Grady', '2021-07-06 13:19:22', '2021-07-06 13:19:22'),
(18, 'Kali Wisozk', 'Mr. Jordon Metz', '2021-07-06 13:19:22', '2021-07-06 13:19:22'),
(19, 'Jade Fay', 'Dixie Erdman', '2021-07-06 13:19:22', '2021-07-06 13:19:22'),
(20, 'Dr. Solon Willms', 'Dolly O\'Keefe', '2021-07-06 13:19:22', '2021-07-06 13:19:22'),
(21, 'phak', 'phak', '2021-07-06 13:38:10', '2021-07-06 13:38:10');
--
-- Database: `testapi`
--
CREATE DATABASE IF NOT EXISTS `testapi` DEFAULT CHARACTER SET latin1 COLLATE latin1_swedish_ci;
USE `testapi`;

-- --------------------------------------------------------

--
-- Table structure for table `people`
--

DROP TABLE IF EXISTS `people`;
CREATE TABLE IF NOT EXISTS `people` (
  `id` int(3) NOT NULL AUTO_INCREMENT,
  `name` varchar(50) NOT NULL,
  `username` varchar(50) NOT NULL,
  `email` varchar(50) NOT NULL,
  PRIMARY KEY (`id`)
) ENGINE=MyISAM AUTO_INCREMENT=77 DEFAULT CHARSET=latin1;

--
-- Dumping data for table `people`
--

INSERT INTO `people` (`id`, `name`, `username`, `email`) VALUES
(76, 'kakada', 'kakadapon', 'kakadapon@gmail.com'),
(75, 'kakada', 'kakadapon', 'kakadapon@gmail.com'),
(74, 'kakada', 'kakadapon', 'kakadapon@gmail.com'),
(69, 'seiha', 'seiha yon', 'seiha@gmail.com'),
(70, 'seiha', 'seiha yon', 'seiha@gmail.com'),
(71, 'kakada', 'kakadapon', 'kakadapon@gmail.com'),
(72, 'kakada', 'kakadapon', 'kakadapon@gmail.com'),
(73, 'kakada', 'kakadapon', 'kakadapon@gmail.com');
COMMIT;

/*!40101 SET CHARACTER_SET_CLIENT=@OLD_CHARACTER_SET_CLIENT */;
/*!40101 SET CHARACTER_SET_RESULTS=@OLD_CHARACTER_SET_RESULTS */;
/*!40101 SET COLLATION_CONNECTION=@OLD_COLLATION_CONNECTION */;
